OPTIONS	204	/api/2fa/disable	
OPTIONS	204	/api/2fa/backup/verify	
OPTIONS	204	/api/2fa/backup/generate	
OPTIONS	204	/api/2fa/setup/email	
OPTIONS	204	/api/2fa/challenge	
OPTIONS	204	/api/2fa/setup/totp	
OPTIONS	204	/api/2fa/setup/verify	
OPTIONS	204	/api/2fa/setup/sms	
OPTIONS	204	/api/2fa/status	
OPTIONS	204	/api/academic/assessment-types	
OPTIONS	204	/api/academic/assessments/analyze-results	
OPTIONS	204	/api/2fa/verify	
OPTIONS	204	/api/academic	
OPTIONS	204	/api/academic/assessment-tools	
OPTIONS	204	/api/academic/assessments/administer	
OPTIONS	204	/api/academic/assessments-list	
OPTIONS	204	/api/academic/assessments/mark-and-grade	
OPTIONS	204	/api/academic/assessments/create-items	
OPTIONS	204	/api/academic/assessments/start-workflow	
OPTIONS	204	/api/academic/calendar/day/{id}	
OPTIONS	204	/api/academic/calendar/get/{year_id}	
OPTIONS	204	/api/academic/calendar/generate	
OPTIONS	204	/api/academic/calendar/list	
OPTIONS	204	/api/academic/calendar/days/{year_id}	
OPTIONS	204	/api/academic/class-capacity	
OPTIONS	204	/api/academic/calendar/validate	
OPTIONS	204	/api/academic/classes/assign-teacher	
OPTIONS	204	/api/academic/class-students?class_id=X	
OPTIONS	204	/api/academic/classes/get/{id}	
OPTIONS	204	/api/academic/classes/auto-create-streams	
OPTIONS	204	/api/academic/classes/update/{id}	
OPTIONS	204	/api/academic/classes/create	
OPTIONS	204	/api/academic/competency-ratings	
OPTIONS	204	/api/academic/classes/delete/{id}	
OPTIONS	204	/api/academic/classes/list	
OPTIONS	204	/api/academic/competency-ratings?class_id=&term_id=&student_id=	
OPTIONS	204	/api/academic/competency/record-evidence	
OPTIONS	204	/api/academic/compute-term-scores	
OPTIONS	204	/api/academic/competency/dashboard	
OPTIONS	204	/api/academic/conduct-grades?class=self&term=	
OPTIONS	204	/api/academic/context	
OPTIONS	204	/api/academic/competency/record-core-value-evidence	
OPTIONS	204	/api/academic/core-competencies-list	
OPTIONS	204	/api/academic/core-competencies	
OPTIONS	204	/api/academic/conduct-grades	
OPTIONS	204	/api/academic/core-values-list	
OPTIONS	204	/api/academic/core-values	
OPTIONS	204	/api/academic/curriculum-tree?learning_area_id=X&strand_id=X	
OPTIONS	204	/api/academic/curriculum	
OPTIONS	204	/api/academic/curriculum/start-workflow	
OPTIONS	204	/api/academic/curriculum-units/create	
OPTIONS	204	/api/academic/curriculum/review-and-approve	
OPTIONS	204	/api/academic/custom	
OPTIONS	204	/api/academic/deputy-academic-summary	
OPTIONS	204	/api/academic/curriculum/{id}	
OPTIONS	204	/api/academic/curriculum/map-outcomes	
OPTIONS	204	/api/academic/exam-schedule/{id}	
OPTIONS	204	/api/academic/curriculum/create-scheme	
OPTIONS	204	/api/academic/deputy-discipline-summary	
OPTIONS	204	/api/academic/exam-schedule	
OPTIONS	204	/api/academic/exam-schedules	
OPTIONS	204	/api/academic/exams/assign-marking	
OPTIONS	204	/api/academic/exams/approve-results	
OPTIONS	204	/api/academic/exams/prepare-logistics	
OPTIONS	204	/api/academic/exams/create-schedule	
OPTIONS	204	/api/academic/exams/record-marks	
OPTIONS	204	/api/academic/exams/submit-questions	
OPTIONS	204	/api/academic/exams/moderate-marks	
OPTIONS	204	/api/academic/exams/start-workflow	
OPTIONS	204	/api/academic/exams/compile-results	
OPTIONS	204	/api/academic/exams/conduct	
OPTIONS	204	/api/academic/formative-assessment-marks?assessment_id=X	
OPTIONS	204	/api/academic/formative-assessments	
OPTIONS	204	/api/academic/formative-assessment-marks	
OPTIONS	204	/api/academic/formative-assessments/{id}/marks	
OPTIONS	204	/api/academic/exams/verify-marks	
OPTIONS	204	/api/academic/formative-summary?class_id=&subject_id=&term_id=&strand_id=&sub_strand_id=&group_by=	
OPTIONS	204	/api/academic/formative-assessments/{id}	
OPTIONS	204	/api/academic/grading-results	
OPTIONS	204	/api/academic/intern-subjects	
OPTIONS	204	/api/academic/learning-areas	
OPTIONS	204	/api/academic/intern-classes	
OPTIONS	204	/api/academic/learning-areas/coverage/{ayc_id}	
OPTIONS	204	/api/academic/learning-areas/list	
OPTIONS	204	/api/academic/learning-areas/get/{id}	
OPTIONS	204	/api/academic/learning-areas/delete/{id}	
OPTIONS	204	/api/academic/learning-areas/create	
OPTIONS	204	/api/academic/learning-areas/seed	
OPTIONS	204	/api/academic/lesson-observations/create	
OPTIONS	204	/api/academic/learning-outcomes?sub_strand_id=X&strand_id=X&learning_area_id=X	
OPTIONS	204	/api/academic/learning-areas/update/{id}	
OPTIONS	204	/api/academic/lesson-plans/approval	
OPTIONS	204	/api/academic/lesson-plans/bulk-approve	
OPTIONS	204	/api/academic/lesson-plans/approve	
OPTIONS	204	/api/academic/lesson-observations/list	
OPTIONS	204	/api/academic/lesson-plans/create	
OPTIONS	204	/api/academic/lesson-plans/submit	
OPTIONS	204	/api/academic/lesson-plans/by-class	
OPTIONS	204	/api/academic/lesson-plans/delete/{id}	
OPTIONS	204	/api/academic/lesson-plans/list	
OPTIONS	204	/api/academic/lesson-plans/update/{id}	
OPTIONS	204	/api/academic/library/catalog-resources	
OPTIONS	204	/api/academic/lesson-plans/review/{id}	
OPTIONS	204	/api/academic/levels-list	
OPTIONS	204	/api/academic/lesson-plans/reject	
OPTIONS	204	/api/academic/library/review-request	
OPTIONS	204	/api/academic/lesson-plans/get/{id}	
OPTIONS	204	/api/academic/library/distribute-and-track	
OPTIONS	204	/api/academic/library/start-workflow	
OPTIONS	204	/api/academic/my-subjects	
OPTIONS	204	/api/academic/my-teaching-today	
OPTIONS	204	/api/academic/my-schemes	
OPTIONS	204	/api/academic/my-classes	
OPTIONS	204	/api/academic/my-syllabus	
OPTIONS	204	/api/academic/pending-moderation?class_id=X&subject_id=X	
OPTIONS	204	/api/academic/national-exams	
OPTIONS	204	/api/academic/national-exams?exam_type=KPSEA_G6&exam_year=2024	
OPTIONS	204	/api/academic/portfolio/artifact-delete/{id}	
OPTIONS	204	/api/academic/performance-overview	
OPTIONS	204	/api/academic/portfolio/artifact-add	
OPTIONS	204	/api/academic/portfolio/get/{studentId}	
OPTIONS	204	/api/academic/portfolio/artifact-update	
OPTIONS	204	/api/academic/portfolio/artifact-file-replace	
OPTIONS	204	/api/academic/portfolio/all/{studentId}	
OPTIONS	204	/api/academic/promotions/execute	
OPTIONS	204	/api/academic/portfolio/list	
OPTIONS	204	/api/academic/portfolio/create	
OPTIONS	204	/api/academic/promotions/generate-reports	
OPTIONS	204	/api/academic/promotions/validate-eligibility	
OPTIONS	204	/api/academic/promotions/start-workflow	
OPTIONS	204	/api/academic/report-cards	
OPTIONS	204	/api/academic/promotions/identify-candidates	
OPTIONS	204	/api/academic/reports	
OPTIONS	204	/api/academic/report-cards/download/{student_id}	
OPTIONS	204	/api/academic/report-card-data/{student_id}?term_id=	
OPTIONS	204	/api/academic/reports/review-and-approve	
OPTIONS	204	/api/academic/reports/generate-student-reports	
OPTIONS	204	/api/academic/reports/compile-data	
OPTIONS	204	/api/academic/results	
OPTIONS	204	/api/academic/reports/distribute	
OPTIONS	204	/api/academic/reports?report_type=&year_id=&term_id=&class_id=&subject_id=	
OPTIONS	204	/api/academic/reports/start-workflow	
OPTIONS	204	/api/academic/results-analysis	
OPTIONS	204	/api/academic/schedules/assign-room	
OPTIONS	204	/api/academic/schedules/delete/{id}	
OPTIONS	204	/api/academic/results?year_id=&term_id=&subject_id=&class_id=	
OPTIONS	204	/api/academic/schedules/create	
OPTIONS	204	/api/academic/schedules/list	
OPTIONS	204	/api/academic/schedules/update/{id}	
OPTIONS	204	/api/academic/schemes-of-work/generate	
OPTIONS	204	/api/academic/schedules/get/{id}	
OPTIONS	204	/api/academic/scheme-of-work/create	
OPTIONS	204	/api/academic/streams/get/{id}	
OPTIONS	204	/api/academic/staff-timeline/{staff_id}	
OPTIONS	204	/api/academic/strands?learning_area_id=X	
OPTIONS	204	/api/academic/streams/list	
OPTIONS	204	/api/academic/scheme-of-work/get/{id}	
OPTIONS	204	/api/academic/streams/create	
OPTIONS	204	/api/academic/streams/update/{id}	
OPTIONS	204	/api/academic/streams/delete/{id}	
OPTIONS	204	/api/academic/student-growth-trend?student_id=X&learning_area_id=Y	
OPTIONS	204	/api/academic/student-results	
OPTIONS	204	/api/academic/student-assessment-history?student_id=X&term_id=&subject_id=	
OPTIONS	204	/api/academic/student-timeline/{student_id}	
OPTIONS	204	/api/academic/subjects/teachers	
OPTIONS	204	/api/academic/subjects-list	
OPTIONS	204	/api/academic/sub-strands?strand_id=X	
OPTIONS	204	/api/academic/subject-schemes	
OPTIONS	204	/api/academic/subject-teachers	
OPTIONS	204	/api/academic/supervision-roster/{id}	
OPTIONS	204	/api/academic/supervision-roster-auto-generate	
OPTIONS	204	/api/academic/supervision-roster	
OPTIONS	204	/api/academic/teachers/subjects	
OPTIONS	204	/api/academic/teachers/classes	
OPTIONS	204	/api/academic/syllabus	
OPTIONS	204	/api/academic/teachers/list	
OPTIONS	204	/api/academic/terms	
OPTIONS	204	/api/academic/terms/create	
OPTIONS	204	/api/academic/teachers/schedule	
OPTIONS	204	/api/academic/terms/list	
OPTIONS	204	/api/academic/term-transition/context	
OPTIONS	204	/api/academic/terms/delete/{id}	
OPTIONS	204	/api/academic/terms/update/{id}	
OPTIONS	204	/api/academic/term-transition/execute	
OPTIONS	204	/api/academic/terms/{id}	
OPTIONS	204	/api/academic/topics/delete/{id}	
OPTIONS	204	/api/academic/topics/get/{id}	
OPTIONS	204	/api/academic/verify-marks	
OPTIONS	204	/api/academic/transfer-requests	
OPTIONS	204	/api/academic/topics/create	
OPTIONS	204	/api/academic/topics/list	
OPTIONS	204	/api/academic/topics/update/{id}	
OPTIONS	204	/api/academic/timetable-stats?term_id=	
OPTIONS	204	/api/academic/transfer-requests/{id}	
OPTIONS	204	/api/academic/year-rollover	
OPTIONS	204	/api/academic/year-transition/archive-data	
OPTIONS	204	/api/academic/year-calendar	
OPTIONS	204	/api/academic/year-rollover-status	
OPTIONS	204	/api/academic/year-transition/execute-promotions	
OPTIONS	204	/api/academic/year-transition/setup-new-year	
OPTIONS	204	/api/academic/workflow/status	
OPTIONS	204	/api/academic/year-transition/validate-readiness	
OPTIONS	204	/api/academic/year-transition/start-workflow	
OPTIONS	204	/api/academic/year-transition/migrate-competency-baselines	
OPTIONS	204	/api/academic/years/create	
OPTIONS	204	/api/academic/year-history	
OPTIONS	204	/api/academic/years/list	
OPTIONS	204	/api/academic/years/delete/{id}	
OPTIONS	204	/api/academic/years/current	
OPTIONS	204	/api/academic/years/set-current	
OPTIONS	204	/api/academic/years/get/{id}	
OPTIONS	204	/api/academic/years/update/{id}	
OPTIONS	204	/api/academic/{id}	
OPTIONS	204	/api/academics/kpis	
OPTIONS	204	/api/academics/performance-matrix	
OPTIONS	204	/api/activities/categories/list	
OPTIONS	204	/api/activities/categories/toggle-status	
OPTIONS	204	/api/activities/categories/delete/{id}	
OPTIONS	204	/api/activities/categories/create	
OPTIONS	204	/api/activities/categories/statistics	
OPTIONS	204	/api/activities	
OPTIONS	204	/api/activities/categories/get/{id}	
OPTIONS	204	/api/activities/categories/update/{id}	
OPTIONS	204	/api/activities/competition/prepare-team	
OPTIONS	204	/api/activities/competition/register	
OPTIONS	204	/api/activities/competition/recognize-achievements	
OPTIONS	204	/api/activities/evaluation/approve	
OPTIONS	204	/api/activities/evaluation/initiate	
OPTIONS	204	/api/activities/competition/record-participation	
OPTIONS	204	/api/activities/evaluation/publish-results	
OPTIONS	204	/api/activities/competition/report-results	
OPTIONS	204	/api/activities/evaluation/submit-assessment	
OPTIONS	204	/api/activities/evaluation/verify-assessment	
OPTIONS	204	/api/activities/list	
OPTIONS	204	/api/activities/participants/list	
OPTIONS	204	/api/activities/participants/get/{id}	
OPTIONS	204	/api/activities/participants/participation-stats	
OPTIONS	204	/api/activities/participants/bulk-register	
OPTIONS	204	/api/activities/participants/register	
OPTIONS	204	/api/activities/participants/student-history	
OPTIONS	204	/api/activities/participants/update-status	
OPTIONS	204	/api/activities/planning/review	
OPTIONS	204	/api/activities/planning/approve-budget	
OPTIONS	204	/api/activities/participants/withdraw	
OPTIONS	204	/api/activities/planning/execute	
OPTIONS	204	/api/activities/planning/prepare-resources	
OPTIONS	204	/api/activities/planning/propose	
OPTIONS	204	/api/activities/planning/schedule	
OPTIONS	204	/api/activities/registration/initiate	
OPTIONS	204	/api/activities/registration/approve	
OPTIONS	204	/api/activities/registration/reject	
OPTIONS	204	/api/activities/registration/complete	
OPTIONS	204	/api/activities/registration/confirm	
OPTIONS	204	/api/activities/resources/add	
OPTIONS	204	/api/activities/registration/review	
OPTIONS	204	/api/activities/resources/delete/{id}	
OPTIONS	204	/api/activities/resources/by-activity	
OPTIONS	204	/api/activities/resources/check-availability	
OPTIONS	204	/api/activities/resources/list	
OPTIONS	204	/api/activities/resources/get/{id}	
OPTIONS	204	/api/activities/resources/update/{id}	
OPTIONS	204	/api/activities/resources/statistics	
OPTIONS	204	/api/activities/schedules/by-activity	
OPTIONS	204	/api/activities/schedules/bulk-create	
OPTIONS	204	/api/activities/resources/update-status	
OPTIONS	204	/api/activities/schedules/create	
OPTIONS	204	/api/activities/schedules/get/{id}	
OPTIONS	204	/api/activities/schedules/update/{id}	
OPTIONS	204	/api/activities/schedules/delete/{id}	
OPTIONS	204	/api/activities/sports/fixtures	
OPTIONS	204	/api/activities/sports/teams	
OPTIONS	204	/api/activities/schedules/list	
OPTIONS	204	/api/activities/schedules/venue-availability	
OPTIONS	204	/api/activities/sports/team-members?team_id={id}	
OPTIONS	204	/api/activities/sports/fixtures/record-result/{id}	
OPTIONS	204	/api/activities/schedules/weekly-timetable	
OPTIONS	204	/api/activities/sports/standings	
OPTIONS	204	/api/activities/sports/fixtures/{id}	
OPTIONS	204	/api/activities/statistics/get	
OPTIONS	204	/api/activities/sports/teams/{id}	
OPTIONS	204	/api/activities/{id}	
OPTIONS	204	/api/activities/upcoming/list	
OPTIONS	204	/api/activities/stats	
OPTIONS	204	/api/admission/check-class-space/{id}	
OPTIONS	204	/api/admission/admit-student/{id}	
OPTIONS	204	/api/admission/advance-workflow-stage	
OPTIONS	204	/api/admission/application/{id}	
OPTIONS	204	/api/admission/create-provisional-student/{id}	
OPTIONS	204	/api/admission/placement-classes	
OPTIONS	204	/api/admission/open-terms	
OPTIONS	204	/api/admission/generate-student-id-card/{id}	
OPTIONS	204	/api/admission/placement-test/{id}	
OPTIONS	204	/api/admission/final-approval/{id}	
OPTIONS	204	/api/admission/notifications	
OPTIONS	204	/api/admission/placement-tests	
OPTIONS	204	/api/admission/windows	
OPTIONS	204	/api/admission/placement-test	
OPTIONS	204	/api/admission/stats	
OPTIONS	204	/api/alerts	
OPTIONS	204	/api/admission/queues	
OPTIONS	204	/api/attendance/boarding-summary	
OPTIONS	204	/api/admission/windows/{id}/toggle	
OPTIONS	204	/api/attendance/academic-summary	
OPTIONS	204	/api/admission/windows/{id}	
OPTIONS	204	/api/admissions/pending	
OPTIONS	204	/api/attendance/dormitories	
OPTIONS	204	/api/attendance/calendar	
OPTIONS	204	/api/attendance/classes	
OPTIONS	204	/api/attendance/dormitory-students	
OPTIONS	204	/api/attendance/is-school-day	
OPTIONS	204	/api/attendance/daily-register	
OPTIONS	204	/api/attendance/mark-boarding	
OPTIONS	204	/api/attendance/duty-types	
OPTIONS	204	/api/attendance/mark-staff	
OPTIONS	204	/api/attendance/mark-bulk	
OPTIONS	204	/api/attendance/mark-session	
OPTIONS	204	/api/attendance/permission-types	
OPTIONS	204	/api/attendance/permissions	
OPTIONS	204	/api/attendance/permissions/{id}	
OPTIONS	204	/api/attendance/register-context?date=2026-04-26&stream_id=3&session_id=1	
OPTIONS	204	/api/attendance/staff-register-context?date=X&department_id=Y	
OPTIONS	204	/api/attendance/sessions	
OPTIONS	204	/api/attendance/register-context	
OPTIONS	204	/api/attendance/session-attendance	
OPTIONS	204	/api/attendance/staff-register-context	
OPTIONS	204	/api/attendance/staff-today	
OPTIONS	204	/api/attendance/staff-report	
OPTIONS	204	/api/attendance/student-percentage/{student_id}	
OPTIONS	204	/api/attendance/students-by-class/{stream_id}	
OPTIONS	204	/api/auth/session	
OPTIONS	204	/api/attendance/student-history-by-year/{student_id}	
OPTIONS	204	/api/attendance/today	
OPTIONS	204	/api/attendance/today-attendance	
OPTIONS	204	/api/attendance/trends	
OPTIONS	204	/api/boarding/activity	
OPTIONS	204	/api/boarding	
OPTIONS	204	/api/boarding/dormitories/{id}	
OPTIONS	204	/api/boarding/dormitories	
OPTIONS	204	/api/boarding/exeats/{id}	
OPTIONS	204	/api/boarding/exeats	
OPTIONS	204	/api/chapel/services	
OPTIONS	204	/api/boarding/stats	
OPTIONS	204	/api/counseling/index	
OPTIONS	204	/api/boarding/roll-call	
OPTIONS	204	/api/boarding/occupancy	
OPTIONS	204	/api/counseling/session	
OPTIONS	204	/api/boarding/students	
OPTIONS	204	/api/chapel/services?limit=N&upcoming=1	
OPTIONS	204	/api/counseling/sessions?limit=N&sort=recent	
OPTIONS	204	/api/counseling/session/{id}	
OPTIONS	204	/api/dashboard/academic-kpis-table	
OPTIONS	204	/api/counseling/summary	
OPTIONS	204	/api/dashboard/accountant/financial	
OPTIONS	204	/api/dashboard/class-teacher/assessments	
OPTIONS	204	/api/counseling/stats	
OPTIONS	204	/api/dashboard/accountant/payments	
OPTIONS	204	/api/dashboard/class-teacher/full	
OPTIONS	204	/api/dashboard/class-teacher/attendance	
OPTIONS	204	/api/dashboard/class-teacher/lesson-plans	
OPTIONS	204	/api/dashboard/class-teacher/students	
OPTIONS	204	/api/dashboard/config	
OPTIONS	204	/api/dashboard/class-teacher/my-class	
OPTIONS	204	/api/dashboard/deputy-academic/full	
OPTIONS	204	/api/dashboard/deputy-discipline/full	
OPTIONS	204	/api/dashboard/director/attendance	
OPTIONS	204	/api/dashboard/director/announcements	
OPTIONS	204	/api/dashboard/director/payroll-summary	
OPTIONS	204	/api/dashboard/director/staff	
OPTIONS	204	/api/dashboard/director/risks	
OPTIONS	204	/api/dashboard/director/enrollment	
OPTIONS	204	/api/dashboard/director/finance	
OPTIONS	204	/api/dashboard/director/summary	
OPTIONS	204	/api/dashboard/headteacher/admissions	
OPTIONS	204	/api/dashboard/fees-by-class-term	
OPTIONS	204	/api/dashboard/headteacher/discipline	
OPTIONS	204	/api/dashboard/director/system-status	
OPTIONS	204	/api/dashboard/headteacher/attendance-today	
OPTIONS	204	/api/dashboard/headteacher/assessments	
OPTIONS	204	/api/dashboard/headteacher/communications	
OPTIONS	204	/api/dashboard/headteacher/pending-admissions	
OPTIONS	204	/api/dashboard/headteacher/discipline-cases	
OPTIONS	204	/api/dashboard/headteacher/full	
OPTIONS	204	/api/dashboard/headteacher/overview	
OPTIONS	204	/api/dashboard/intern-teacher/full	
OPTIONS	204	/api/dashboard/headteacher/performance	
OPTIONS	204	/api/dashboard/route?role_id=X	
OPTIONS	204	/api/dashboard/headteacher/schedules	
OPTIONS	204	/api/dashboard/intern-teacher/classes	
OPTIONS	204	/api/dashboard/school-admin/class-distribution	
OPTIONS	204	/api/dashboard/school-admin/admissions	
OPTIONS	204	/api/dashboard/intern-teacher/observations	
OPTIONS	204	/api/dashboard/school-admin/full	
OPTIONS	204	/api/dashboard/school-admin/pending-items	
OPTIONS	204	/api/dashboard/school-admin/attendance-trend	
OPTIONS	204	/api/dashboard/school-admin/staff	
OPTIONS	204	/api/dashboard/school-admin/students	
OPTIONS	204	/api/dashboard/school-admin/attendance	
OPTIONS	204	/api/dashboard/school-admin/announcements	
OPTIONS	204	/api/dashboard/student-distribution	
OPTIONS	204	/api/dashboard/subject-teacher/assessments-due	
OPTIONS	204	/api/dashboard/staff-deployment	
OPTIONS	204	/api/dashboard/school-admin/staff-directory	
OPTIONS	204	/api/dashboard/school-admin/timetables	
OPTIONS	204	/api/dashboard/subject-teacher/exams	
OPTIONS	204	/api/dashboard/subject-teacher/classes	
OPTIONS	204	/api/dashboard/school-admin/system-status	
OPTIONS	204	/api/dashboard/sidebars	
OPTIONS	204	/api/dashboard/subject-teacher/full	
OPTIONS	204	/api/dashboard/subject-teacher/graded	
OPTIONS	204	/api/dashboard/subject-teacher/exam-schedule	
OPTIONS	204	/api/dashboard/subject-teacher/lesson-plans	
OPTIONS	204	/api/dashboard/system-admin/health-errors	
OPTIONS	204	/api/dashboard/subject-teacher/sections	
OPTIONS	204	/api/dashboard/system-admin/api-load	
OPTIONS	204	/api/dashboard/subject-teacher/pending-assessments	
OPTIONS	204	/api/dashboard/system-admin/active-sessions	
OPTIONS	204	/api/dashboard/system-admin/auth-events	
OPTIONS	204	/api/dashboard/system-admin/uptime	
OPTIONS	204	/api/dashboard/system-admin/health-warnings	
OPTIONS	204	/api/dashboard/teacher/my-attendance-today	
OPTIONS	204	/api/finance	
OPTIONS	204	/api/finance/allowance-templates/{id}	
OPTIONS	204	/api/dashboard/teacher/my-class	
OPTIONS	204	/api/finance/allowance-templates	
OPTIONS	204	/api/events	
OPTIONS	204	/api/finance/approve-payroll	
OPTIONS	204	/api/finance/allowance-templates/{id}/applicable-staff	
OPTIONS	204	/api/finance/allowance-templates/{id}/apply	
OPTIONS	204	/api/finance/department-budgets/approve	
OPTIONS	204	/api/finance/class-billing-report/{id}	
OPTIONS	204	/api/finance/department-budgets/allocate	
OPTIONS	204	/api/finance/bulk-payroll-preview?month=X&year=Y	
OPTIONS	204	/api/finance/department-budgets/propose	
OPTIONS	204	/api/finance/department-budgets/summary	
OPTIONS	204	/api/finance/department-budgets/proposals	
OPTIONS	204	/api/finance/department-budgets/request-funds	
OPTIONS	204	/api/finance/expenses/reject	
OPTIONS	204	/api/finance/fee-invoices/generate-batch	
OPTIONS	204	/api/finance/fee-invoices/generate	
OPTIONS	204	/api/finance/detailed-payslip?payroll_id=X	
OPTIONS	204	/api/finance/expenses/approve	
OPTIONS	204	/api/finance/fee-invoices/get?student_id=X	
OPTIONS	204	/api/finance/fee-structures	
OPTIONS	204	/api/finance/fee-structures/{id}	
OPTIONS	204	/api/finance/fee-structures/list	
OPTIONS	204	/api/finance/fee-structures/{id}/duplicate	
OPTIONS	204	/api/finance/fee-types	
OPTIONS	204	/api/finance/fee-types-list	
OPTIONS	204	/api/finance/fee-types/{id}	
OPTIONS	204	/api/finance/fees-bundle-submit	
OPTIONS	204	/api/finance/fees-bundle-review/{id}	
OPTIONS	204	/api/finance/fees-create-bundle	
OPTIONS	204	/api/finance/fees-activate-generate-obligations	
OPTIONS	204	/api/finance/fees-bundle-grid	
OPTIONS	204	/api/finance/fees/activate-structure	
OPTIONS	204	/api/finance/fees-bundle-approve/{id}	
OPTIONS	204	/api/finance/fees/delete-annual-structure	
OPTIONS	204	/api/finance/fees-bundle-list	
OPTIONS	204	/api/finance/fees/review-structure	
OPTIONS	204	/api/finance/fees/approve-structure	
OPTIONS	204	/api/finance/fees/deactivate-structure	
OPTIONS	204	/api/finance/fees/annual-summary	
OPTIONS	204	/api/finance/fees/pending-reviews	
OPTIONS	204	/api/finance/fees/create-annual-structure	
OPTIONS	204	/api/finance/payments/generate-payslip	
OPTIONS	204	/api/finance/fees/update-annual-structure	
OPTIONS	204	/api/finance/payroll-list	
OPTIONS	204	/api/finance/fees/term-breakdown	
OPTIONS	204	/api/finance/mark-payroll-paid	
OPTIONS	204	/api/finance/payments/send-notification	
OPTIONS	204	/api/finance/payrolls/approve	
OPTIONS	204	/api/finance/payroll-stats?month=X&year=Y	
OPTIONS	204	/api/finance/payrolls/calculate	
OPTIONS	204	/api/finance/payrolls/disburse	
OPTIONS	204	/api/finance/fees/rollover-structure	
OPTIONS	204	/api/finance/payrolls	
OPTIONS	204	/api/finance/payments/generate-receipt	
OPTIONS	204	/api/finance/payrolls/create-draft	
OPTIONS	204	/api/finance/payrolls/recalculate	
OPTIONS	204	/api/finance/payrolls/process	
OPTIONS	204	/api/finance/payrolls/staff-payments/get	
OPTIONS	204	/api/finance/payrolls/summary	
OPTIONS	204	/api/finance/payrolls/reject	
OPTIONS	204	/api/finance/payrolls/history	
OPTIONS	204	/api/finance/payrolls/verify	
OPTIONS	204	/api/finance/payrolls/list	
OPTIONS	204	/api/finance/payrolls/{id}/cancel	
OPTIONS	204	/api/finance/process-payroll-with-deductions	
OPTIONS	204	/api/finance/process-bulk-payroll	
OPTIONS	204	/api/finance/payrolls/{id}/staff-payments	
OPTIONS	204	/api/finance/payrolls/{id}/get	
OPTIONS	204	/api/finance/payrolls/{id}/status	
OPTIONS	204	/api/finance/reports/compare-yearly-collections	
OPTIONS	204	/api/finance/reconciliation/unreconciled	
OPTIONS	204	/api/finance/reports	
OPTIONS	204	/api/finance/students/balance/{id}	
OPTIONS	204	/api/finance/reports/generate-payroll	
OPTIONS	204	/api/finance/students-billing-history/{id}	
OPTIONS	204	/api/finance/staff-payroll-details?staff_id=X	
OPTIONS	204	/api/finance/students/payment-history	
OPTIONS	204	/api/finance/students/fee-statement/{id}	
OPTIONS	204	/api/finance/staff-for-payroll	
OPTIONS	204	/api/finance/student-types-list	
OPTIONS	204	/api/finance/unmatched-payments	
OPTIONS	204	/api/finance/students/payment-status	
OPTIONS	204	/api/finance/supplier-payables	
OPTIONS	204	/api/finance/{id}	
OPTIONS	204	/api/finance/unmatched-payments/match	
OPTIONS	204	/api/health/records	
OPTIONS	204	/api/health/sick-bay	
OPTIONS	204	/api/health/records/{id}	
OPTIONS	204	/api/health/summary	
OPTIONS	204	/api/health/sick-bay/{id}	
OPTIONS	204	/api/health/vaccinations/{id}	
OPTIONS	204	/api/health/vaccinations	
OPTIONS	204	/api/import/log/{id}	
OPTIONS	204	/api/import/logs	
OPTIONS	204	/api/import/preview	
OPTIONS	204	/api/import/template	
OPTIONS	204	/api/import/execute	
OPTIONS	204	/api/inventory	
OPTIONS	204	/api/inventory/audit/{id}/analyze-variances	
OPTIONS	204	/api/import/types	
OPTIONS	204	/api/inventory/audit/{id}/perform-count	
OPTIONS	204	/api/inventory/audit/initiate	
OPTIONS	204	/api/inventory/audit/{id}/approve-adjustments	
OPTIONS	204	/api/inventory/audit/{id}/post-adjustments	
OPTIONS	204	/api/inventory/audit/{id}/prepare-count	
OPTIONS	204	/api/inventory/audit/{id}/schedule	
OPTIONS	204	/api/inventory/audit/{id}/verify-count	
OPTIONS	204	/api/inventory/categories/{id}/get	
OPTIONS	204	/api/inventory/dashboard	
OPTIONS	204	/api/inventory/categories/list	
OPTIONS	204	/api/inventory/categories/create	
OPTIONS	204	/api/inventory/categories/{id}/update	
OPTIONS	204	/api/inventory/categories/{id}/delete	
OPTIONS	204	/api/inventory/disposal/initiate	
OPTIONS	204	/api/inventory/items/low-stock	
OPTIONS	204	/api/inventory/disposal/{id}/assess-condition	
OPTIONS	204	/api/inventory/disposal/{id}/approve	
OPTIONS	204	/api/inventory/disposal/{id}/perform-valuation	
OPTIONS	204	/api/inventory/disposal/{id}/select-method	
OPTIONS	204	/api/inventory/disposal/{id}/execute	
OPTIONS	204	/api/inventory/items/{id}/history	
OPTIONS	204	/api/inventory/locations/create	
OPTIONS	204	/api/inventory/items/stock-valuation	
OPTIONS	204	/api/inventory/items/list	
OPTIONS	204	/api/inventory/items/{id}/with-stock	
OPTIONS	204	/api/inventory/locations/list	
OPTIONS	204	/api/inventory/locations/{id}/update	
OPTIONS	204	/api/inventory/locations/{id}/delete	
OPTIONS	204	/api/inventory/locations/{id}/get	
OPTIONS	204	/api/inventory/movements/adjust-stock	
OPTIONS	204	/api/inventory/movements/list	
OPTIONS	204	/api/inventory/movements/record	
OPTIONS	204	/api/inventory/procurement/initiate	
OPTIONS	204	/api/inventory/procurement/{id}/approve	
OPTIONS	204	/api/inventory/movements/summary	
OPTIONS	204	/api/inventory/procurement/{id}/request-quotations	
OPTIONS	204	/api/inventory/purchase-orders/{id}/get	
OPTIONS	204	/api/inventory/procurement/{id}/create-po	
OPTIONS	204	/api/inventory/purchase-orders/{id}/receive	
OPTIONS	204	/api/inventory/procurement/{id}/evaluate-quotations	
OPTIONS	204	/api/inventory/purchase-orders/create	
OPTIONS	204	/api/inventory/purchase-orders/{id}/update	
OPTIONS	204	/api/inventory/procurement/{id}/verify-budget	
OPTIONS	204	/api/inventory/purchase-orders/list	
OPTIONS	204	/api/inventory/requisitions/list	
OPTIONS	204	/api/inventory/suppliers/create	
OPTIONS	204	/api/inventory/requisitions/{id}/delete	
OPTIONS	204	/api/inventory/requisitions/create	
OPTIONS	204	/api/inventory/requisitions/{id}/get	
OPTIONS	204	/api/inventory/suppliers/{id}/update	
OPTIONS	204	/api/inventory/requisitions/{id}/update-status	
OPTIONS	204	/api/inventory/suppliers/list	
OPTIONS	204	/api/inventory/transfer/initiate	
OPTIONS	204	/api/inventory/suppliers/{id}/delete	
OPTIONS	204	/api/inventory/transfer/{id}/approve	
OPTIONS	204	/api/inventory/suppliers/{id}/get	
OPTIONS	204	/api/inventory/transfer/{id}/dispatch	
OPTIONS	204	/api/inventory/uniform-low-stock	
OPTIONS	204	/api/inventory/transfer/{id}/quality-check	
OPTIONS	204	/api/inventory/transfer/{id}/receive	
OPTIONS	204	/api/inventory/transfer/{id}/inspect	
OPTIONS	204	/api/inventory/transfer/{id}/pick-stock	
OPTIONS	204	/api/inventory/uniform-sales-list	
OPTIONS	204	/api/inventory/uniform-restock	
OPTIONS	204	/api/inventory/uniform-sales-report	
OPTIONS	204	/api/inventory/uniform-sales-record-payment/{id}	
OPTIONS	204	/api/inventory/uniform-sales-summary	
OPTIONS	204	/api/inventory/uniform-sales-student-invoice/{id}	
OPTIONS	204	/api/inventory/uniform-sales/{id}	
OPTIONS	204	/api/inventory/uniforms/payments/summary	
OPTIONS	204	/api/inventory/uniforms	
OPTIONS	204	/api/inventory/uniforms/sales	
OPTIONS	204	/api/inventory/uniforms/students/{id}/profile	
OPTIONS	204	/api/inventory/uniforms/sales/{student_id}	
OPTIONS	204	/api/inventory/uniforms/dashboard	
OPTIONS	204	/api/inventory/uniforms/sales/{id}/payment	
OPTIONS	204	/api/inventory/uniforms/{id}/sizes	
OPTIONS	204	/api/inventory/workflow/{id}/get	
OPTIONS	204	/api/inventory/{id}	
OPTIONS	204	/api/library/fines	
OPTIONS	204	/api/library/books	
OPTIONS	204	/api/library/categories	
OPTIONS	204	/api/library/fines/{id}/pay	
OPTIONS	204	/api/library/issues	
OPTIONS	204	/api/library/books/{id}	
OPTIONS	204	/api/library/summary	
OPTIONS	204	/api/library/fines/{id}/waive	
OPTIONS	204	/api/library/overdue	
OPTIONS	204	/api/meetings/meetings-get	
OPTIONS	204	/api/library/issues/{id}/return	
OPTIONS	204	/api/meetings/meetings-delete/{id}	
OPTIONS	204	/api/meetings/meetings-create	
OPTIONS	204	/api/meetings/meetings-remind/{id}	
OPTIONS	204	/api/meetings/meetings-get/{id}	
OPTIONS	204	/api/meetings/meetings-respond	
OPTIONS	204	/api/meetings/meetings-update/{id}	
OPTIONS	204	/api/notifications	
OPTIONS	204	/api/meetings/staff-list	
OPTIONS	204	/api/notifications/mark-all-read	
OPTIONS	204	/api/notifications/push	
OPTIONS	204	/api/parent-portal/dashboard	
OPTIONS	204	/api/parent-portal/fee-balance/{id}	
OPTIONS	204	/api/parent-portal/login	
OPTIONS	204	/api/parent-portal/initiate-mpesa-payment	
OPTIONS	204	/api/parent-portal/grading-scale	
OPTIONS	204	/api/parent-portal/login-otp-verify	
OPTIONS	204	/api/parent-portal/messages/{studentId?}	
OPTIONS	204	/api/parent-portal/login-otp-request	
OPTIONS	204	/api/parent-portal/logout	
OPTIONS	204	/api/parent-portal/mpesa-status/{checkoutRequestId}	
OPTIONS	204	/api/parent-portal/portfolio/{studentId}	
OPTIONS	204	/api/parent-portal/student-attendance/{id}	
OPTIONS	204	/api/parent-portal/student-fees/{id}	
OPTIONS	204	/api/parent-portal/student-payment-history/{id}	
OPTIONS	204	/api/parent-portal/send-message	
OPTIONS	204	/api/parent-portal/student-report-card/{id}	
OPTIONS	204	/api/payments/bank-webhook	
OPTIONS	204	/api/parent-portal/student-performance/{id}	
OPTIONS	204	/api/payments/c2b-confirmation	
OPTIONS	204	/api/payments/collections	
OPTIONS	204	/api/parent-portal/student-statement/{id}	
OPTIONS	204	/api/payments/collection-trends	
OPTIONS	204	/api/payments/kcb-validation	
OPTIONS	204	/api/payments/kcb-notification	
OPTIONS	204	/api/payments/import-mpesa	
OPTIONS	204	/api/payments/c2b-validation	
OPTIONS	204	/api/payments/mpesa-b2c-callback	
OPTIONS	204	/api/payments/lookup-by-phone?phone=07XXXXXXXX	
OPTIONS	204	/api/payments/mpesa-c2b-validation	
OPTIONS	204	/api/payments/link-student	
OPTIONS	204	/api/payments/mpesa-b2c-timeout	
OPTIONS	204	/api/payments/kcb-transfer-callback	
OPTIONS	204	/api/payments/mpesa-c2b-confirmation	
OPTIONS	204	/api/payments/mpesa-result	
OPTIONS	204	/api/payments/reconcile-mpesa	
OPTIONS	204	/api/payments/mpesa-stk-callback	
OPTIONS	204	/api/payments/revenue-sources	
OPTIONS	204	/api/payments/mpesa-reconcile-history?mpesa_id=ID	
OPTIONS	204	/api/payments/unmatched-mpesa	
OPTIONS	204	/api/payments/stats	
OPTIONS	204	/api/print/academic-calendar	
OPTIONS	204	/api/print/fee-statement	
OPTIONS	204	/api/payments/trends	
OPTIONS	204	/api/print/html	
OPTIONS	204	/api/print/export-csv	
OPTIONS	204	/api/print/payslip	
OPTIONS	204	/api/print/fee-structure	
OPTIONS	204	/api/print/certificate	
OPTIONS	204	/api/print/invoice	
OPTIONS	204	/api/print/p9-form	
OPTIONS	204	/api/print/portfolio	
OPTIONS	204	/api/print/timetable	
OPTIONS	204	/api/print/table	
OPTIONS	204	/api/print/receipt-template	
OPTIONS	204	/api/print/record	
OPTIONS	204	/api/public/subscribers	
OPTIONS	204	/api/push/subscribe	
OPTIONS	204	/api/print/report-card	
OPTIONS	204	/api/push/unsubscribe	
OPTIONS	204	/api/public/inquiries	
OPTIONS	204	/api/schedules/events-delete/{id}	
OPTIONS	204	/api/schedules/activity/get	
OPTIONS	204	/api/schedules	
OPTIONS	204	/api/schedules/events-update/{id}	
OPTIONS	204	/api/public/applications	
OPTIONS	204	/api/schedules/activity/create	
OPTIONS	204	/api/public/job-applications	
OPTIONS	204	/api/schedules/calendar-mark-exam-week	
OPTIONS	204	/api/schedules/events-sync	
OPTIONS	204	/api/schedules/exam/bulk-generate	
OPTIONS	204	/api/schedules/events/get	
OPTIONS	204	/api/schedules/exam/get	
OPTIONS	204	/api/schedules/events/create	
OPTIONS	204	/api/schedules/exam/create	
OPTIONS	204	/api/schedules/holidays-apply	
OPTIONS	204	/api/schedules/holidays-create	
OPTIONS	204	/api/schedules/holidays-update/{id}	
OPTIONS	204	/api/schedules/holidays-delete/{id}	
OPTIONS	204	/api/schedules/rooms/get	
OPTIONS	204	/api/schedules/route/get	
OPTIONS	204	/api/schedules/holidays-get	
OPTIONS	204	/api/schedules/rooms/create	
OPTIONS	204	/api/schedules/timetable/delete	
OPTIONS	204	/api/schedules/timetable/report-conflict	
OPTIONS	204	/api/schedules/timetable/create	
OPTIONS	204	/api/schedules/route/create	
OPTIONS	204	/api/schedules/timetable/delete/{id}	
OPTIONS	204	/api/schedules/timetable/get	
OPTIONS	204	/api/session/refresh	
OPTIONS	204	/api/schedules/timetable/check-conflicts	
OPTIONS	204	/api/schedules/weekly	
OPTIONS	204	/api/session/validate-token	
OPTIONS	204	/api/schedules/timetable/time-slots	
OPTIONS	204	/api/schedules/{id}	
OPTIONS	204	/api/schedules/timetable/update/{id}	
OPTIONS	204	/api/settings/roles	
OPTIONS	204	/api/staff	
OPTIONS	204	/api/settings/permissions	
OPTIONS	204	/api/settings/roles/{id}	
OPTIONS	204	/api/settings/backup	
OPTIONS	204	/api/staff/assign-role	
OPTIONS	204	/api/staff/assignments/current	
OPTIONS	204	/api/staff/appointments	
OPTIONS	204	/api/staff/assign/class	
OPTIONS	204	/api/staff/academic-kpi-summary/{staffId}	
OPTIONS	204	/api/staff/assign/subject	
OPTIONS	204	/api/staff/assignment/initiate	
OPTIONS	204	/api/staff/children-calculate-deductions?staff_id=X&month=Y&year=Z	
OPTIONS	204	/api/staff/attendance/get	
OPTIONS	204	/api/staff/children-add	
OPTIONS	204	/api/staff/assignments/get	
OPTIONS	204	/api/staff/children-remove/{id}?staff_id=X	
OPTIONS	204	/api/staff/attendance/mark	
OPTIONS	204	/api/staff/children-list?staff_id=X	
OPTIONS	204	/api/staff/children-fee-config	
OPTIONS	204	/api/staff/departments/get	
OPTIONS	204	/api/staff/id-card/generate	
OPTIONS	204	/api/staff/contracts/update/{id}	
OPTIONS	204	/api/staff/contracts/create	
OPTIONS	204	/api/staff/children-update/{id}	
OPTIONS	204	/api/staff/contracts/list	
OPTIONS	204	/api/staff/import-existing	
OPTIONS	204	/api/staff/id-card/generate-bulk-pdf	
OPTIONS	204	/api/staff/contracts/get/{id}	
OPTIONS	204	/api/staff/key-contacts	
OPTIONS	204	/api/staff/leaves/apply	
OPTIONS	204	/api/staff/id-card/upload-photo	
OPTIONS	204	/api/staff/id-card/print-single	
OPTIONS	204	/api/staff/leave/initiate-request	
OPTIONS	204	/api/staff/leaves/update-status	
OPTIONS	204	/api/staff/leaves/list	
OPTIONS	204	/api/staff/my-schedule	
OPTIONS	204	/api/staff/lifecycle	
OPTIONS	204	/api/staff/offboarding/{id}	
OPTIONS	204	/api/staff/offboarding	
OPTIONS	204	/api/staff/onboarding-document	
OPTIONS	204	/api/staff/onboarding	
OPTIONS	204	/api/staff/onboarding-pending	
OPTIONS	204	/api/staff/payroll/allowances	
OPTIONS	204	/api/staff/onboarding-task/{id}	
OPTIONS	204	/api/staff/onboarding-templates	
OPTIONS	204	/api/staff/onboarding/{id}	
OPTIONS	204	/api/staff/payroll/apply-loan	
OPTIONS	204	/api/staff/payroll/deductions	
OPTIONS	204	/api/staff/payroll/download-payslip	
OPTIONS	204	/api/staff/payroll/detailed-payslip?staff_id=&month=&year=	
OPTIONS	204	/api/staff/payroll/list	
OPTIONS	204	/api/staff/payroll/download-p9	
OPTIONS	204	/api/staff/payroll/history	
OPTIONS	204	/api/staff/payroll/loan-details	
OPTIONS	204	/api/staff/payroll/export-history	
OPTIONS	204	/api/staff/payroll/payslip	
OPTIONS	204	/api/staff/performance/review-history	
OPTIONS	204	/api/staff/promotions	
OPTIONS	204	/api/staff/payroll/request-advance	
OPTIONS	204	/api/staff/payroll/summary	
OPTIONS	204	/api/staff/performance/academic-kpi-summary	
OPTIONS	204	/api/staff/probation-review	
OPTIONS	204	/api/staff/performance/generate-report	
OPTIONS	204	/api/staff/profile/get	
OPTIONS	204	/api/staff/staff	
OPTIONS	204	/api/staff/revoke-role/{staffId}/{roleId}	
OPTIONS	204	/api/staff/schedule/get	
OPTIONS	204	/api/staff/promotions/{id}/approve	
OPTIONS	204	/api/staff/stats	
OPTIONS	204	/api/staff/upcoming-retirements	
OPTIONS	204	/api/staff/staff/{id}	
OPTIONS	204	/api/staff/workload/get	
OPTIONS	204	/api/staff/{id}	
OPTIONS	204	/api/staff/upload-document/{id}	
OPTIONS	204	/api/students/123/attendance	
OPTIONS	204	/api/staff/upload-photo/{id}	
OPTIONS	204	/api/students/123/fees	
OPTIONS	204	/api/students	
OPTIONS	204	/api/students/123	
OPTIONS	204	/api/students/academic-year-all	
OPTIONS	204	/api/students/academic-year-archive	
OPTIONS	204	/api/students/academic-year-create	
OPTIONS	204	/api/students/123/fees/456	
OPTIONS	204	/api/students/academic-year-current-term	
OPTIONS	204	/api/students/academic-year-current	
OPTIONS	204	/api/students/academic-year-create-next	
OPTIONS	204	/api/students/academic-year-terms	
OPTIONS	204	/api/students/academic-year-get/{id}	
OPTIONS	204	/api/students/academic-year-set-current	
OPTIONS	204	/api/students/alumni-update	
OPTIONS	204	/api/students/boarding-assign-dorm	
OPTIONS	204	/api/students/alumni-delete	
OPTIONS	204	/api/students/academic-year-update-status	
OPTIONS	204	/api/students/alumni-get	
OPTIONS	204	/api/students/attendance-get/{id}	
OPTIONS	204	/api/students/boarding-meta	
OPTIONS	204	/api/students/boarding-students	
OPTIONS	204	/api/students/boarding-note	
OPTIONS	204	/api/students/boarding-student/{studentId}	
OPTIONS	204	/api/students/boarding-summary	
OPTIONS	204	/api/students/bulk-delete	
OPTIONS	204	/api/students/bulk-create	
OPTIONS	204	/api/students/bulk-promote	
OPTIONS	204	/api/students/bulk-update	
OPTIONS	204	/api/students/by-class-get/{id}	
OPTIONS	204	/api/students/catering-boarding-student/{studentId}	
OPTIONS	204	/api/students/catering-food-requisition	
OPTIONS	204	/api/students/catering-menu-plan	
OPTIONS	204	/api/students/by-stream-get/{id}	
OPTIONS	204	/api/students/catering-boarding-meta	
OPTIONS	204	/api/students/catering-boarding-summary	
OPTIONS	204	/api/students/context-profile/{id}?context=welfare	
OPTIONS	204	/api/students/counseling-case/{caseId}	
OPTIONS	204	/api/students/context-meta?context=boarding	
OPTIONS	204	/api/students/counseling-case/{caseId}/follow-up	
OPTIONS	204	/api/students/counseling-cases	
OPTIONS	204	/api/students/context-list?context=academic	
OPTIONS	204	/api/students/counseling-case/{caseId}/close	
OPTIONS	204	/api/students/catering-boarding-students	
OPTIONS	204	/api/students/discipline-case/{caseId}	
OPTIONS	204	/api/students/counseling-case/{caseId}/session-note	
OPTIONS	204	/api/students/counseling-meta	
OPTIONS	204	/api/students/discipline-cases	
OPTIONS	204	/api/students/discipline-meta	
OPTIONS	204	/api/students/discipline-get	
OPTIONS	204	/api/students/discipline-resolve	
OPTIONS	204	/api/students/enrollment-current	
OPTIONS	204	/api/students/discipline-update/{id}	
OPTIONS	204	/api/students/discipline-record	
OPTIONS	204	/api/students/enrollment-history/{id}	
OPTIONS	204	/api/students/family-group/{parentId}/link-student	
OPTIONS	204	/api/students/family-group/{parentId}	
OPTIONS	204	/api/students/fees-get/{id}	
OPTIONS	204	/api/students/family-groups-v2	
OPTIONS	204	/api/students/health-record/{recordId}	
OPTIONS	204	/api/students/family-groups-meta-v2	
OPTIONS	204	/api/students/health-meta	
OPTIONS	204	/api/students/id-card-details/{studentId}	
OPTIONS	204	/api/students/id-card-generate-legacy	
OPTIONS	204	/api/students/health-records	
OPTIONS	204	/api/students/id-card-history/{studentId}	
OPTIONS	204	/api/students/id-card-mark-printed/{cardId}	
OPTIONS	204	/api/students/id-card-generate-class	
OPTIONS	204	/api/students/id-card-get/{id}	
OPTIONS	204	/api/students/id-card-mark-issued/{cardId}	
OPTIONS	204	/api/students/id-card-mark-lost/{cardId}	
OPTIONS	204	/api/students/id-card-meta	
OPTIONS	204	/api/students/id-card-renew/{cardId}	
OPTIONS	204	/api/students/id-card-replace/{cardId}	
OPTIONS	204	/api/students/id-card-statistics-get	
OPTIONS	204	/api/students/id-card/generate-bulk	
OPTIONS	204	/api/students/id-card/generate	
OPTIONS	204	/api/students/id-card/verify/{cardNumber}	
OPTIONS	204	/api/students/id-card/print-single	
OPTIONS	204	/api/students/id-card/generate-bulk-pdf	
OPTIONS	204	/api/students/id-cards	
OPTIONS	204	/api/students/medical/get/{id}	
OPTIONS	204	/api/students/my-profile	
OPTIONS	204	/api/students/id-card/{cardId}/generate-qr	
OPTIONS	204	/api/students/id-cards/print	
OPTIONS	204	/api/students/id-card/{cardId}/revoke	
OPTIONS	204	/api/students/parents/add	
OPTIONS	204	/api/students/my-children	
OPTIONS	204	/api/students/parents/link-child	
OPTIONS	204	/api/students/parents/get/{id}	
OPTIONS	204	/api/students/parents/available-students	
OPTIONS	204	/api/students/parents/create	
OPTIONS	204	/api/students/parents/children	
OPTIONS	204	/api/students/parents/delete	
OPTIONS	204	/api/students/performance-full/{studentId}	
OPTIONS	204	/api/students/parents/unlink-child	
OPTIONS	204	/api/students/parents/list	
OPTIONS	204	/api/students/parents/remove	
OPTIONS	204	/api/students/parents/update	
OPTIONS	204	/api/students/parents/update/{id}	
OPTIONS	204	/api/students/performance-get/{id}	
OPTIONS	204	/api/students/photo-upload	
OPTIONS	204	/api/students/profile-get/{id}	
OPTIONS	204	/api/students/performance-meta	
OPTIONS	204	/api/students/promotion-candidates-v2	
OPTIONS	204	/api/students/performance-overview	
OPTIONS	204	/api/students/promotion-meta-v2	
OPTIONS	204	/api/students/promotion/entire-class	
OPTIONS	204	/api/students/promotion-execute-v2	
OPTIONS	204	/api/students/promotion/batches	
OPTIONS	204	/api/students/promotion/graduate-grade9	
OPTIONS	204	/api/students/promotion/multiple	
OPTIONS	204	/api/students/promotion/history/{id}	
OPTIONS	204	/api/students/promotion/single	
OPTIONS	204	/api/students/qr-code-generate	
OPTIONS	204	/api/students/qr-info-get/{id}	
OPTIONS	204	/api/students/roster-get/{classId}?stream_id={streamId}&year_id={yearId}	
OPTIONS	204	/api/students/qr-code-generate-enhanced	
OPTIONS	204	/api/students/special-needs	
OPTIONS	204	/api/students/promotion/multiple-classes	
OPTIONS	204	/api/students/special-needs-ieps/{iepId}	
OPTIONS	204	/api/students/transfer/execute	
OPTIONS	204	/api/students/statistics-get	
OPTIONS	204	/api/students/transfer/approve	
OPTIONS	204	/api/students/special-needs-meta	
OPTIONS	204	/api/students/transfer/start-workflow	
OPTIONS	204	/api/students/transfer/history/{id}	
OPTIONS	204	/api/students/transfer/verify-eligibility	
OPTIONS	204	/api/students/transfer/workflow-status	
OPTIONS	204	/api/students/transport-attendance	
OPTIONS	204	/api/students/transport-passengers	
OPTIONS	204	/api/students/transport-incident	
OPTIONS	204	/api/students/welfare-case/{caseId}	
OPTIONS	204	/api/students/transport-meta	
OPTIONS	204	/api/students/transport-passenger/{studentId}	
OPTIONS	204	/api/students/transport-summary	
OPTIONS	204	/api/students/welfare-case/{caseId}/follow-up	
OPTIONS	204	/api/students/welfare-case	
OPTIONS	204	/api/students/welfare-case/{caseId}/escalate	
OPTIONS	204	/api/students/welfare-case/{caseId}/resolve	
OPTIONS	204	/api/students/welfare-case/{caseId}/note	
OPTIONS	204	/api/students/without-parents	
OPTIONS	204	/api/system/dashboards	
OPTIONS	204	/api/students/welfare-cases	
OPTIONS	204	/api/system/dashboards/{id}	
OPTIONS	204	/api/students/welfare-meta	
OPTIONS	204	/api/system/import/menus	
OPTIONS	204	/api/system/menus	
OPTIONS	204	/api/system/authorize	
OPTIONS	204	/api/system/policies	
OPTIONS	204	/api/system/policies/{id}	
OPTIONS	204	/api/system/menus/{id}	
OPTIONS	204	/api/system/roles/{roleId}/menus/{menuItemId}	
OPTIONS	204	/api/system/menus/reorder	
OPTIONS	204	/api/system/import/routes	
OPTIONS	204	/api/system/roles/{roleId}/dashboards	
OPTIONS	204	/api/system/roles/{roleId}/menus/bulk	
OPTIONS	204	/api/system/roles/{roleId}/menus	
OPTIONS	204	/api/system/routes	
OPTIONS	204	/api/system/roles/{roleId}/routes/bulk	
OPTIONS	204	/api/system/roles/{roleId}/routes	
OPTIONS	204	/api/system/routes/{id}/permissions	
OPTIONS	204	/api/system/routes/{id}	
OPTIONS	204	/api/system/sync	
OPTIONS	204	/api/system/roles/{roleId}/routes/{routeId}	
OPTIONS	204	/api/system/routes/{routeId}/permissions/{permissionId}	
OPTIONS	204	/api/system/users/{userId}/menus	
OPTIONS	204	/api/system/users/{userId}/menus/{menuItemId}/{overrideType}	
OPTIONS	204	/api/systemconfig/authorize	
OPTIONS	204	/api/system/users/{userId}/routes	
OPTIONS	204	/api/system/users/{userId}/sidebar	
OPTIONS	204	/api/systemconfig/dashboards	
OPTIONS	204	/api/systemconfig/dashboards/{id}	
OPTIONS	204	/api/system/users/{userId}/routes/{routeId}	
OPTIONS	204	/api/systemconfig/import-routes	
OPTIONS	204	/api/systemconfig/index	
OPTIONS	204	/api/systemconfig/menus	
OPTIONS	204	/api/systemconfig/import-menus	
OPTIONS	204	/api/systemconfig/policies	
OPTIONS	204	/api/systemconfig/menus/{id}	
OPTIONS	204	/api/systemconfig/menus-reorder	
OPTIONS	204	/api/systemconfig/role-menus-bulk	
OPTIONS	204	/api/systemconfig/policies/{id}	
OPTIONS	204	/api/systemconfig/role-routes	
OPTIONS	204	/api/systemconfig/role-menus	
OPTIONS	204	/api/systemconfig/role-routes/{roleId}	
OPTIONS	204	/api/systemconfig/role-routes/{roleId}/{routeId}	
OPTIONS	204	/api/systemconfig/routes	
OPTIONS	204	/api/systemconfig/role-menus/{roleId}	
OPTIONS	204	/api/systemconfig/role-routes-bulk	
OPTIONS	204	/api/systemconfig/routes-permissions/{routeId}/{permissionId}	
OPTIONS	204	/api/systemconfig/routes/{id}	
OPTIONS	204	/api/systemconfig/routes-permissions	
OPTIONS	204	/api/systemconfig/routes-permissions/{routeId}	
OPTIONS	204	/api/systemconfig/sync	
OPTIONS	204	/api/telemetry/data	
OPTIONS	204	/api/transport/attendance	
OPTIONS	204	/api/telemetry/errors	
OPTIONS	204	/api/systemconfig/user-sidebar/{userId}	
OPTIONS	204	/api/transport	
OPTIONS	204	/api/transport/drivers/get	
OPTIONS	204	/api/transport/my-route	
OPTIONS	204	/api/transport/entitlements	
OPTIONS	204	/api/transport/my-vehicle	
OPTIONS	204	/api/transport/routes/get	
OPTIONS	204	/api/transport/drivers/assign	
OPTIONS	204	/api/transport/vehicles/assign	
OPTIONS	204	/api/transport/routes/assign	
OPTIONS	204	/api/transport/verify-student	
OPTIONS	204	/api/transport/vehicles/get	
OPTIONS	204	/api/users/all	
OPTIONS	204	/api/transport/{id}	
OPTIONS	204	/api/users	
OPTIONS	204	/api/users/password/change	
OPTIONS	204	/api/users/bulk-create	
OPTIONS	204	/api/users/password/reset	
OPTIONS	204	/api/users/login	
OPTIONS	204	/api/uploads/school-document	
OPTIONS	204	/api/users/roles/get	
OPTIONS	204	/api/users/with-temporary-permissions	
OPTIONS	204	/api/users/profile/get	
OPTIONS	204	/api/users/permissions/get	
OPTIONS	204	/api/users/{id}	
OPTIONS	204	/api/users/with-multiple-roles	
OPTIONS	204	/api/users/with-permission/{permission_code}	
OPTIONS	204	/api/users/sidebar/items	
OPTIONS	204	/api/users/with-role/{role_name}	
OPTIONS	204	/api/users/{id}/permissions/by-entity	
OPTIONS	204	/api/users/{id}/permissions/check-multiple	
OPTIONS	204	/api/users/{id}/permissions/check	
OPTIONS	204	/api/users/{id}/permissions/effective	
OPTIONS	204	/api/users/{id}/role/assign	
OPTIONS	204	/api/users/{id}/permission/assign	
OPTIONS	204	/api/users/{id}/permissions/denied	
OPTIONS	204	/api/users/{id}/permissions/update	
OPTIONS	204	/api/users/{id}/role/extra	
OPTIONS	204	/api/users/{id}/permissions/direct	
OPTIONS	204	/api/users/{id}/permissions/summary	
OPTIONS	204	/api/users/{id}/role/main	
OPTIONS	204	/api/users/{id}/roles/detailed	
