fk	orphan_count
admission_windows.fk_aw_academic_year	0
fk	orphan_count
admission_windows.fk_aw_academic_year_term	0
fk	orphan_count
communications.fk_comm_business_event	0
fk	orphan_count
communications.fk_comm_template_channel	0
fk	orphan_count
communications.fk_comm_thread	0
fk	orphan_count
communication_attachment_channels.fk_comm_attachment_channel_attachment	0
fk	orphan_count
communication_audit_events.fk_comm_audit_communication	0
fk	orphan_count
communication_audit_events.fk_comm_audit_endpoint	0
fk	orphan_count
communication_audit_events.fk_comm_audit_template_channel	0
fk	orphan_count
communication_audit_events.fk_comm_audit_thread	0
fk	orphan_count
communication_delivery_attempts.fk_comm_attempt_endpoint	0
fk	orphan_count
communication_event_exam_workflows.fk_comm_event_exam_event	0
fk	orphan_count
communication_event_fee_students.fk_comm_event_fee_event	0
fk	orphan_count
communication_event_inquiries.fk_comm_event_inquiry_event	0
fk	orphan_count
communication_event_messages.fk_comm_event_message_event	0
fk	orphan_count
communication_event_messages.fk_comm_event_message_source	0
fk	orphan_count
communication_event_school_events.fk_comm_event_school_event	0
fk	orphan_count
communication_event_school_events.fk_comm_event_school_source	0
fk	orphan_count
communication_recipient_endpoints.fk_endpoint_recipient	0
fk	orphan_count
communication_template_channels.fk_comm_template_channel_version	0
fk	orphan_count
communication_template_values.fk_comm_template_value_communication	0
fk	orphan_count
communication_template_variables.fk_comm_template_variable_channel	0
fk	orphan_count
communication_template_versions.fk_comm_template_version_catalog	0
fk	orphan_count
communication_thread_inquiries.fk_comm_thread_inquiry_thread	0
fk	orphan_count
communication_thread_internal_conversations.fk_comm_thread_internal_conversation	0
fk	orphan_count
communication_thread_internal_conversations.fk_comm_thread_internal_thread	0
fk	orphan_count
communication_thread_messages.fk_comm_thread_message_thread	0
fk	orphan_count
communication_workflow_instances.fk_comm_workflow_communication	0
fk	orphan_count
communication_workflow_instances.fk_comm_workflow_initiator	0
fk	orphan_count
contact_directory.fk_contact_directory_department	0
fk	orphan_count
external_inbound_media.fk_external_inbound_media_message	0
fk	orphan_count
external_inbound_messages.fk_external_inbound_thread	0
fk	orphan_count
job_vacancies.fk_job_vacancies_department	0
fk	orphan_count
parent_meetings.parent_meetings_ibfk_1	0
fk	orphan_count
parent_meetings.parent_meetings_ibfk_2	0
fk	orphan_count
parent_meetings.parent_meetings_ibfk_3	0
fk	orphan_count
parent_meetings.parent_meetings_ibfk_4	0
fk	orphan_count
parent_payment_accounts.fk_parent_payment_account_parent	0
fk	orphan_count
parent_pta_memberships.fk_parent_pta_parent	0
fk	orphan_count
parent_refund_requests.fk_parent_refund_account	0
fk	orphan_count
parent_refund_requests.fk_parent_refund_credit	0
fk	orphan_count
parent_refund_requests.fk_parent_refund_disbursement	0
fk	orphan_count
parent_refund_requests.fk_parent_refund_parent	0
fk	orphan_count
payment_collection_routes.fk_collection_route_provider	0
fk	orphan_count
payment_provider_accounts.fk_provider_accounts_provider	0
fk	orphan_count
payment_provider_attempts.fk_provider_attempt_disbursement	0
fk	orphan_count
payment_provider_attempts.fk_provider_attempt_payment	0
fk	orphan_count
payment_provider_attempts.fk_provider_attempt_provider	0
fk	orphan_count
payment_provider_callbacks.fk_provider_callback_provider	0
fk	orphan_count
payment_routing_references.fk_routing_reference_student	0
fk	orphan_count
payment_routing_references.fk_routing_reference_transport_intent	0
fk	orphan_count
payment_unmatched_cases.fk_unmatched_provider	0
fk	orphan_count
payment_unmatched_cases.fk_unmatched_student	0
fk	orphan_count
person_addresses.fk_person_address_person	0
fk	orphan_count
person_contact_points.fk_person_contact_person	0
fk	orphan_count
person_marital_statuses.fk_person_marital_person	0
fk	orphan_count
petty_cash_transactions.fk_petty_cash_vendor	0
fk	orphan_count
promotion_rules.fk_promotion_rules_level	0
fk	orphan_count
sports_fixtures.sports_fixtures_ibfk_1	0
fk	orphan_count
sports_player_stats.sports_player_stats_ibfk_1	0
fk	orphan_count
sports_player_stats.sports_player_stats_ibfk_2	0
fk	orphan_count
sports_player_stats.sports_player_stats_ibfk_3	0
fk	orphan_count
sports_standings.sports_standings_ibfk_1	0
fk	orphan_count
sports_teams.sports_teams_ibfk_1	0
fk	orphan_count
sports_teams.sports_teams_ibfk_2	0
fk	orphan_count
sports_teams.sports_teams_ibfk_3	0
fk	orphan_count
sports_team_members.sports_team_members_ibfk_1	0
fk	orphan_count
sports_team_members.sports_team_members_ibfk_2	0
fk	orphan_count
statutory_remittance_attempts.fk_statutory_attempt_agency_account	0
fk	orphan_count
statutory_remittance_attempts.fk_statutory_attempt_provider	0
fk	orphan_count
statutory_remittance_attempts.fk_statutory_attempt_remittance	0
fk	orphan_count
statutory_remittance_items.fk_remittance_items_payslip	0
fk	orphan_count
statutory_remittance_items.fk_remittance_items_remittance	0
fk	orphan_count
student_fund_transfers.fk_fund_transfer_destination_entitlement	0
fk	orphan_count
student_fund_transfers.fk_fund_transfer_destination_student	0
fk	orphan_count
student_fund_transfers.fk_fund_transfer_parent	0
fk	orphan_count
student_fund_transfers.fk_fund_transfer_source_credit	0
fk	orphan_count
student_fund_transfers.fk_fund_transfer_source_entitlement	0
fk	orphan_count
student_fund_transfers.fk_fund_transfer_source_student	0
fk	orphan_count
student_fund_transfer_postings.fk_fund_transfer_posting_transfer	0
fk	orphan_count
supplier_bank_accounts.fk_supplier_bank_supplier	0
fk	orphan_count
supplier_mobile_accounts.fk_supplier_mobile_supplier	0
fk	orphan_count
supplier_payment_requests.fk_supplier_payment_bank	0
fk	orphan_count
supplier_payment_requests.fk_supplier_payment_disbursement	0
fk	orphan_count
supplier_payment_requests.fk_supplier_payment_supplier	0
fk	orphan_count
transport_payment_intents.fk_transport_intent_entitlement	0
fk	orphan_count
transport_payment_intents.fk_transport_intent_student	0
fk	orphan_count
uniform_catalog_carts.fk_uniform_cart_parent	0
fk	orphan_count
uniform_catalog_cart_items.fk_uniform_cart_item_cart	0
fk	orphan_count
uniform_catalog_cart_items.fk_uniform_cart_item_product	0
fk	orphan_count
uniform_catalog_cart_items.fk_uniform_cart_item_size	0
fk	orphan_count
uniform_catalog_images.fk_uniform_catalog_image_product	0
fk	orphan_count
uniform_catalog_orders.fk_uniform_order_cart	0
fk	orphan_count
uniform_catalog_orders.fk_uniform_order_parent	0
fk	orphan_count
uniform_catalog_orders.fk_uniform_order_student	0
fk	orphan_count
uniform_catalog_order_items.fk_uniform_order_line_order	0
fk	orphan_count
uniform_catalog_order_items.fk_uniform_order_line_product	0
fk	orphan_count
uniform_catalog_order_items.fk_uniform_order_line_sale	0
fk	orphan_count
uniform_catalog_order_items.fk_uniform_order_line_size	0
fk	orphan_count
uniform_catalog_products.fk_uniform_catalog_item	0
fk	orphan_count
uniform_catalog_wishlists.fk_uniform_wishlist_parent	0
fk	orphan_count
uniform_catalog_wishlists.fk_uniform_wishlist_product	0
fk	orphan_count
uniform_payment_intents.fk_uniform_intent_order	0
fk	orphan_count
uniform_payment_intents.fk_uniform_intent_sale	0
fk	orphan_count
uniform_payment_intents.fk_uniform_intent_student	0
fk	orphan_count
uniform_payment_records.fk_uniform_payments_sale	0
fk	orphan_count
user_passkeys.fk_passkey_user	0
fk	orphan_count
user_passkey_challenges.fk_passkey_challenge_user	0
fk	orphan_count
user_two_factor_audit_events.fk_2fa_audit_challenge	0
fk	orphan_count
user_two_factor_audit_events.fk_2fa_audit_user	0
fk	orphan_count
user_two_factor_challenges.fk_challenge_user	0
fk	orphan_count
user_two_factor_methods.fk_factor_user	0
