unique_index	duplicate_groups
academic_capacity_config.uk_year_config	0
unique_index	duplicate_groups
academic_capacity_reservations.uk_application	0
unique_index	duplicate_groups
academic_class_progression.uk_progression	0
unique_index	duplicate_groups
academic_years.uk_year_code	0
unique_index	duplicate_groups
academic_year_archives.uk_academic_year	0
unique_index	duplicate_groups
academic_year_calendar.uk_term_week	0
unique_index	duplicate_groups
academic_year_calendar_days.uk_calendar_date	0
unique_index	duplicate_groups
academic_year_classes.uk_year_class	0
unique_index	duplicate_groups
academic_year_class_learning_areas.uk_year_class_area	0
unique_index	duplicate_groups
academic_year_class_learning_area_teachers.uk_area_term_staff	0
unique_index	duplicate_groups
academic_year_class_streams.uk_year_class_stream	0
unique_index	duplicate_groups
academic_year_fee_schedules.uk_year_term_class_type_fee	0
unique_index	duplicate_groups
academic_year_terms.uk_year_term	0
unique_index	duplicate_groups
activity_categories.uk_name	0
unique_index	duplicate_groups
activity_participants.uk_activity_student	0
unique_index	duplicate_groups
admission_applications.uk_application_no	0
unique_index	duplicate_groups
announcement_views.uk_announcement_viewer	0
unique_index	duplicate_groups
annual_scores.uk_student_year	0
unique_index	duplicate_groups
api_tokens.uk_token	0
unique_index	duplicate_groups
assessment_benchmarks.uk_benchmark	0
unique_index	duplicate_groups
assessment_results.uk_assessment_student	0
unique_index	duplicate_groups
assessment_tools.uk_tool_code	0
unique_index	duplicate_groups
assessment_types.uk_name	0
unique_index	duplicate_groups
assessment_type_classifications.uk_code	0
unique_index	duplicate_groups
asset_categories.uq_asset_category_code	0
unique_index	duplicate_groups
assignment_submissions.uq_submission	0
unique_index	duplicate_groups
attendance_sessions.uk_session_code	0
unique_index	duplicate_groups
bank_accounts.ux_account_no	0
unique_index	duplicate_groups
bank_transactions.uk_transaction_ref	0
unique_index	duplicate_groups
blocked_ips.uk_blocked_ip	0
unique_index	duplicate_groups
boarding_attendance.unique_boarding_attendance	0
unique_index	duplicate_groups
calendar_day_types.uk_day_type_code	0
unique_index	duplicate_groups
cash_reconciliation_sessions.uq_cash_recon_date	0
unique_index	duplicate_groups
catering_meal_statuses.uk_student_meal_date	0
unique_index	duplicate_groups
classes.uk_class_code	0
unique_index	duplicate_groups
classes.uk_class_name	0
unique_index	duplicate_groups
class_promotion_queue.uk_batch_class_stream	0
unique_index	duplicate_groups
communication_attachment_channels.uq_comm_attachment_channel	0
unique_index	duplicate_groups
communication_business_events.uq_comm_business_event	0
unique_index	duplicate_groups
communication_delivery_attempts.uq_comm_attempt_number	0
unique_index	duplicate_groups
communication_preferences.uq_comm_preference	0
unique_index	duplicate_groups
communication_recipient_endpoints.uq_comm_recipient_channel	0
unique_index	duplicate_groups
communication_template_catalog.uq_comm_template_code	0
unique_index	duplicate_groups
communication_template_channels.uq_comm_template_channel	0
unique_index	duplicate_groups
communication_template_variables.uq_comm_template_variable	0
unique_index	duplicate_groups
communication_template_versions.uq_comm_template_version	0
unique_index	duplicate_groups
communication_thread_inquiries.uq_comm_inquiry_thread	0
unique_index	duplicate_groups
communication_thread_internal_conversations.uq_comm_internal_thread	0
unique_index	duplicate_groups
communication_workflow_instances.uq_comm_workflow	0
unique_index	duplicate_groups
conduct_tracking.uk_conduct	0
unique_index	duplicate_groups
conversation_participants.uk_conversation_participant	0
unique_index	duplicate_groups
core_competencies.uk_code	0
unique_index	duplicate_groups
core_values.uk_code	0
unique_index	duplicate_groups
counseling_cases.uk_case_code	0
unique_index	duplicate_groups
daily_meal_allocations.uk_meal_allocation	0
unique_index	duplicate_groups
dashboards.name	0
unique_index	duplicate_groups
deduction_types.uk_code	0
unique_index	duplicate_groups
departments.uk_code	0
unique_index	duplicate_groups
department_attendance_rules.department_id	0
unique_index	duplicate_groups
depreciation_schedule.uq_depr_asset_year	0
unique_index	duplicate_groups
discipline_incidents.uk_incident_enr_term_date	0
unique_index	duplicate_groups
dormitories.code	0
unique_index	duplicate_groups
dormitory_assignments.uq_active_assignment	0
unique_index	duplicate_groups
emergency_contacts.uk_emergency_person_name	0
unique_index	duplicate_groups
equipment_maintenance_types.uk_code	0
unique_index	duplicate_groups
expense_categories.uq_expense_category_code	0
unique_index	duplicate_groups
external_inbound_messages.uq_external_inbound_provider_message	1
unique_index	duplicate_groups
fee_catalog.uk_fee_catalog_code	0
unique_index	duplicate_groups
fee_credit_notes.credit_number	0
unique_index	duplicate_groups
fee_types.code	0
unique_index	duplicate_groups
fixed_assets.uq_asset_code	0
unique_index	duplicate_groups
formative_scores.uq_formative_score	0
unique_index	duplicate_groups
form_permissions.uk_code	0
unique_index	duplicate_groups
grade_rules.uk_scale_grade	0
unique_index	duplicate_groups
grading_comments.uk_grade_code	0
unique_index	duplicate_groups
grading_scales.uk_name	0
unique_index	duplicate_groups
group_members.uk_group_user	0
unique_index	duplicate_groups
inventory_allocations.uk_allocation_number	0
unique_index	duplicate_groups
inventory_categories.uk_code	0
unique_index	duplicate_groups
inventory_count_items.uk_count_item	0
unique_index	duplicate_groups
inventory_departments.uk_code	0
unique_index	duplicate_groups
inventory_items.uk_barcode	1
unique_index	duplicate_groups
inventory_items.uk_code	0
unique_index	duplicate_groups
inventory_items.uk_sku	1
unique_index	duplicate_groups
item_batches.uk_batch_number	0
unique_index	duplicate_groups
item_serials.uk_serial_number	0
unique_index	duplicate_groups
job_applications.uq_job_internal_staff	0
unique_index	duplicate_groups
kpi_definitions.uk_code_category	0
unique_index	duplicate_groups
learner_competencies.uk_learner_competency	0
unique_index	duplicate_groups
learner_csl_participation.uk_student_activity	0
unique_index	duplicate_groups
learner_pci_awareness.uk_student_pci	0
unique_index	duplicate_groups
learning_areas.uk_code_band	0
unique_index	duplicate_groups
leave_types.uk_leave_code	0
unique_index	duplicate_groups
lesson_deliveries.uk_delivery_plan_date	0
unique_index	duplicate_groups
lesson_plans.uk_lesson_context_day_template	0
unique_index	duplicate_groups
lesson_templates.uk_lesson_template_area_strand_substrand_title	0
unique_index	duplicate_groups
library_categories.uq_lib_cat_name	0
unique_index	duplicate_groups
meal_plans.uk_meal_plan	0
unique_index	duplicate_groups
menu_item_ingredients.uk_menu_ingredient	0
unique_index	duplicate_groups
message_read_status.uk_message_recipient	0
unique_index	duplicate_groups
migrations.uq_migrations_filename	0
unique_index	duplicate_groups
mpesa_transactions.uk_mpesa_code	0
unique_index	duplicate_groups
national_exam_results.uq_natl_exam	0
unique_index	duplicate_groups
newsletter_subscribers.email	0
unique_index	duplicate_groups
news_articles.slug	0
unique_index	duplicate_groups
news_categories.uk_slug	0
unique_index	duplicate_groups
notifications.uq_notifications_reminder	0
unique_index	duplicate_groups
onboarding_task_templates.template_code	0
unique_index	duplicate_groups
page_downloads.uq_page_downloads_public_token	0
unique_index	duplicate_groups
parents.uk_parents_person	0
unique_index	duplicate_groups
parent_payment_accounts.uq_parent_payment_account	0
unique_index	duplicate_groups
parent_pta_memberships.uq_parent_pta_active_role	0
unique_index	duplicate_groups
parent_refund_requests.uq_parent_refund_disbursement	0
unique_index	duplicate_groups
payments.uk_receipt_no	0
unique_index	duplicate_groups
payment_collection_routes.uq_collection_route	0
unique_index	duplicate_groups
payment_providers.uq_payment_provider_code_environment	0
unique_index	duplicate_groups
payment_provider_accounts.uq_provider_account_role	0
unique_index	duplicate_groups
payment_provider_attempts.uq_provider_attempt_idempotency	0
unique_index	duplicate_groups
payment_provider_attempts.uq_provider_attempt_transaction	0
unique_index	duplicate_groups
payment_provider_callbacks.uq_provider_callback_event	0
unique_index	duplicate_groups
payment_provider_callbacks.uq_provider_callback_hash	0
unique_index	duplicate_groups
payment_reconciliations.uk_transaction	0
unique_index	duplicate_groups
payment_routing_references.uq_payment_routing_reference	0
unique_index	duplicate_groups
payment_unmatched_cases.uq_unmatched_provider_tx	0
unique_index	duplicate_groups
payroll_configurations.uk_key_year	0
unique_index	duplicate_groups
payroll_runs.uk_payroll_month_year	0
unique_index	duplicate_groups
payslips.uk_staff_month_year	0
unique_index	duplicate_groups
pcis.uk_topic_code	0
unique_index	duplicate_groups
performance_levels_cbc.uk_level	0
unique_index	duplicate_groups
performance_reviews.uk_perf_staff_period	0
unique_index	duplicate_groups
permissions.code	0
unique_index	duplicate_groups
permissions.code_2	0
unique_index	duplicate_groups
person_addresses.uq_person_address_type_start	0
unique_index	duplicate_groups
person_contact_points.uq_person_contact	0
unique_index	duplicate_groups
person_marital_statuses.uq_person_marital_start	0
unique_index	duplicate_groups
placement_offers.uk_placement_application	0
unique_index	duplicate_groups
portfolios.uk_portfolio	0
unique_index	duplicate_groups
purchase_orders.uk_order_number	0
unique_index	duplicate_groups
qr_scan_events.uq_qr_scan_client_reference	0
unique_index	duplicate_groups
refresh_tokens.token	0
unique_index	duplicate_groups
requisitions.uk_requisition_number	0
unique_index	duplicate_groups
requisition_items.uk_requisition_item	0
unique_index	duplicate_groups
roles.name	0
unique_index	duplicate_groups
roles.name_2	0
unique_index	duplicate_groups
roles.uk_role_name	0
unique_index	duplicate_groups
role_dashboards.unique_role_dashboard	0
unique_index	duplicate_groups
role_delegations.ux_delegation_pair	0
unique_index	duplicate_groups
role_permissions.unique_role_permission	0
unique_index	duplicate_groups
role_routes.uk_role_route	0
unique_index	duplicate_groups
role_sidebar_menus.uk_role_sidebar_menu	0
unique_index	duplicate_groups
role_sidebar_menus.uq_role_menu	0
unique_index	duplicate_groups
rooms.uk_code	0
unique_index	duplicate_groups
routes_registry.uk_route_name	0
unique_index	duplicate_groups
route_permissions.uk_route_permission_access	0
unique_index	duplicate_groups
schemes_of_work.uk_scheme_context_week_template	100
unique_index	duplicate_groups
scheme_templates.uk_template_area_strand_substrand_title	0
unique_index	duplicate_groups
school_content.uk_key	0
unique_index	duplicate_groups
school_events.uq_school_events_calendar_day	1
unique_index	duplicate_groups
school_levels.uk_code	0
unique_index	duplicate_groups
school_settings.uk_key	0
unique_index	duplicate_groups
school_week_config.uq_year	0
unique_index	duplicate_groups
sidebar_menu_items.uk_sidebar_menu_name	0
unique_index	duplicate_groups
staff.uk_staff_no	0
unique_index	duplicate_groups
staff.uk_staff_person	0
unique_index	duplicate_groups
staff_attendance.uk_staff_date	0
unique_index	duplicate_groups
staff_attendance_profiles.staff_id	0
unique_index	duplicate_groups
staff_children.uk_staff_student	0
unique_index	duplicate_groups
staff_department_assignments.uk_staff_dept_from	0
unique_index	duplicate_groups
staff_duty_types.code	0
unique_index	duplicate_groups
staff_employment_profiles.staff_id	0
unique_index	duplicate_groups
staff_id_cards.uq_staff_id_cards_number	0
unique_index	duplicate_groups
staff_import_rows.uk_staff_import_row	0
unique_index	duplicate_groups
staff_incident_reports.uk_staff_incident_reference	0
unique_index	duplicate_groups
staff_meeting_attendees.uq_meeting_staff	0
unique_index	duplicate_groups
staff_off_day_patterns.unique_pattern	0
unique_index	duplicate_groups
staff_payroll_profiles.staff_id	0
unique_index	duplicate_groups
staff_salary_advances.advance_number	0
unique_index	duplicate_groups
staff_types.uk_name	0
unique_index	duplicate_groups
statutory_agency_accounts.uq_statutory_agency_account	0
unique_index	duplicate_groups
statutory_remittances.uk_agency_period	0
unique_index	duplicate_groups
statutory_remittance_attempts.uq_statutory_attempt_idempotency	0
unique_index	duplicate_groups
storage_locations.uk_code	0
unique_index	duplicate_groups
strands.uq_strand_grade	0
unique_index	duplicate_groups
strand_competency.uk_strand_comp	0
unique_index	duplicate_groups
streams.uk_stream_code	0
unique_index	duplicate_groups
streams.uk_stream_name	0
unique_index	duplicate_groups
students.uk_admission_no	0
unique_index	duplicate_groups
students.uk_students_person	0
unique_index	duplicate_groups
student_academic_enrollments.uk_stream_student	0
unique_index	duplicate_groups
student_academic_enrollments.uk_student_year	0
unique_index	duplicate_groups
student_attendance.uq_attendance_mark	0
unique_index	duplicate_groups
student_clearances.uq_request_type	0
unique_index	duplicate_groups
student_fee_obligations.uk_student_obligation	0
unique_index	duplicate_groups
student_fund_transfer_postings.uq_fund_transfer_posting	0
unique_index	duplicate_groups
student_health_records.uq_student_health	0
unique_index	duplicate_groups
student_id_cards.qr_token	0
unique_index	duplicate_groups
student_id_cards.uk_card_number	0
unique_index	duplicate_groups
student_meal_profiles.uk_student_meal_profile	0
unique_index	duplicate_groups
student_permission_types.code	0
unique_index	duplicate_groups
student_transport_attendance.unique_attendance	0
unique_index	duplicate_groups
student_transport_entitlements.uq_student_transport_entitlement	0
unique_index	duplicate_groups
student_types.code	0
unique_index	duplicate_groups
student_uniforms.uk_student	0
unique_index	duplicate_groups
student_welfare_cases.case_code	0
unique_index	duplicate_groups
subject_time_allocations.uq_class_subject_term	0
unique_index	duplicate_groups
sub_strands.uq_sub_strand_grade	0
unique_index	duplicate_groups
sub_strand_competencies.uq_ss_comp	0
unique_index	duplicate_groups
sub_strand_pci_issues.uq_ss_pci	0
unique_index	duplicate_groups
supervision_rosters.uk_supervision_exam_staff_role	0
unique_index	duplicate_groups
supplier_bank_accounts.uq_supplier_bank_account	0
unique_index	duplicate_groups
supplier_mobile_accounts.uq_supplier_mobile_account	0
unique_index	duplicate_groups
supplier_payment_requests.uq_supplier_payment_reference	0
unique_index	duplicate_groups
system_access_policies.uq_system_access_policy_key	0
unique_index	duplicate_groups
system_domain_isolation_rules.uq_system_domain_rule	0
unique_index	duplicate_groups
system_feature_flags.uq_system_feature_flags_key	0
unique_index	duplicate_groups
system_ip_rules.uq_system_ip_rule	0
unique_index	duplicate_groups
system_migration_history.uq_system_migration_name	0
unique_index	duplicate_groups
system_modules.uq_system_modules_key	0
unique_index	duplicate_groups
system_policies.name	0
unique_index	duplicate_groups
system_rate_limit_rules.uq_system_rate_limit_key	0
unique_index	duplicate_groups
system_retention_policies.uq_system_retention_resource	0
unique_index	duplicate_groups
system_route_access_rules.uq_system_route_access_rule	0
unique_index	duplicate_groups
tax_brackets.uk_year_bracket	0
unique_index	duplicate_groups
template_categories.uk_name	0
unique_index	duplicate_groups
terms.uk_term_code	0
unique_index	duplicate_groups
terms.uk_term_name	0
unique_index	duplicate_groups
term_consolidations.uk_student_term	0
unique_index	duplicate_groups
term_subject_scores.uk_student_term_subject	0
unique_index	duplicate_groups
timetable_entries.uk_timetable_slot	0
unique_index	duplicate_groups
time_slots.idx_period_time	0
unique_index	duplicate_groups
transport_entitlement_payments.uq_transport_provider_reference	0
unique_index	duplicate_groups
transport_entitlement_payment_allocations.uq_transport_payment_entitlement	0
unique_index	duplicate_groups
transport_entitlement_periods.uq_transport_period	0
unique_index	duplicate_groups
transport_monthly_bills.uk_student_month	0
unique_index	duplicate_groups
transport_payment_intents.uq_transport_payment_intent_provider_tx	0
unique_index	duplicate_groups
transport_payment_intents.uq_transport_payment_intent_reference	0
unique_index	duplicate_groups
transport_routes.uk_code	0
unique_index	duplicate_groups
transport_vehicles.uk_registration	0
unique_index	duplicate_groups
transport_vehicle_routes.uk_vehicle_route_direction	0
unique_index	duplicate_groups
uniform_catalog_cart_items.uq_uniform_cart_item	0
unique_index	duplicate_groups
uniform_catalog_orders.uq_uniform_order_reference	0
unique_index	duplicate_groups
uniform_catalog_products.uq_uniform_catalog_item	0
unique_index	duplicate_groups
uniform_catalog_products.uq_uniform_catalog_slug	0
unique_index	duplicate_groups
uniform_catalog_wishlists.uq_uniform_wishlist	0
unique_index	duplicate_groups
uniform_payment_intents.uq_uniform_intent_provider_tx	0
unique_index	duplicate_groups
uniform_payment_intents.uq_uniform_intent_reference	0
unique_index	duplicate_groups
uniform_sizes.uk_item_size	0
unique_index	duplicate_groups
users.uk_username	0
unique_index	duplicate_groups
users.uk_users_person	0
unique_index	duplicate_groups
user_invitations.token_hash	0
unique_index	duplicate_groups
user_passkeys.uq_passkey_credential	0
unique_index	duplicate_groups
user_passkey_challenges.uq_passkey_challenge	0
unique_index	duplicate_groups
user_permissions.unique_user_perm	0
unique_index	duplicate_groups
user_roles.uk_user_role	0
unique_index	duplicate_groups
user_routes.uk_user_route	0
unique_index	duplicate_groups
user_sessions.uk_token	0
unique_index	duplicate_groups
user_two_factor_challenges.uq_challenge_hash	0
unique_index	duplicate_groups
user_two_factor_methods.uq_user_factor	0
unique_index	duplicate_groups
widgets.uk_widget_key	0
unique_index	duplicate_groups
workflow_definitions.uk_workflow_code	0
unique_index	duplicate_groups
workflow_stages.uk_workflow_stage	0
unique_index	duplicate_groups
workflow_stage_permissions.uq_stage_perm_role	0
