Table	Op	Msg_type	Msg_text
KingsWayAcademy.class_assignments	check	status	OK
Table	Op	Msg_type	Msg_text
KingsWayAcademy.v_active_users	check	status	OK
Table	Op	Msg_type	Msg_text
KingsWayAcademy.v_role_permission_summary	check	status	OK
Table	Op	Msg_type	Msg_text
KingsWayAcademy.v_user_permissions_effective	check	status	OK
Table	Op	Msg_type	Msg_text
KingsWayAcademy.vw_active_allocations	check	status	OK
Table	Op	Msg_type	Msg_text
KingsWayAcademy.vw_active_salary_advances	check	status	OK
Table	Op	Msg_type	Msg_text
KingsWayAcademy.vw_arrears_summary	check	status	OK
Table	Op	Msg_type	Msg_text
KingsWayAcademy.vw_assessment_results_detail	check	status	OK
Table	Op	Msg_type	Msg_text
KingsWayAcademy.vw_asset_depreciation_summary	check	status	OK
Table	Op	Msg_type	Msg_text
KingsWayAcademy.vw_attendance_by_context	check	status	OK
Table	Op	Msg_type	Msg_text
KingsWayAcademy.vw_available_fee_credits	check	status	OK
Table	Op	Msg_type	Msg_text
KingsWayAcademy.vw_boarding_roll_call	check	status	OK
Table	Op	Msg_type	Msg_text
KingsWayAcademy.vw_boarding_roll_call_today	check	status	OK
Table	Op	Msg_type	Msg_text
KingsWayAcademy.vw_budget_utilization	check	status	OK
Table	Op	Msg_type	Msg_text
KingsWayAcademy.vw_class_learning_area_performance	check	status	OK
Table	Op	Msg_type	Msg_text
KingsWayAcademy.vw_class_positions	check	status	OK
Table	Op	Msg_type	Msg_text
KingsWayAcademy.vw_class_rosters	check	status	OK
Table	Op	Msg_type	Msg_text
KingsWayAcademy.vw_class_timetable_coverage	check	status	OK
Table	Op	Msg_type	Msg_text
KingsWayAcademy.vw_collection_rate_by_class	check	status	OK
Table	Op	Msg_type	Msg_text
KingsWayAcademy.vw_current_enrollments	check	status	OK
Table	Op	Msg_type	Msg_text
KingsWayAcademy.vw_current_staff_assignments	check	status	OK
Table	Op	Msg_type	Msg_text
KingsWayAcademy.vw_currently_blocked_ips	check	status	OK
Table	Op	Msg_type	Msg_text
KingsWayAcademy.vw_dormitory_occupancy	check	status	OK
Table	Op	Msg_type	Msg_text
KingsWayAcademy.vw_expected_attendance_today	check	status	OK
Table	Op	Msg_type	Msg_text
KingsWayAcademy.vw_expense_summary_by_category	check	status	OK
Table	Op	Msg_type	Msg_text
KingsWayAcademy.vw_family_groups	check	status	OK
Table	Op	Msg_type	Msg_text
KingsWayAcademy.vw_fee_carryover_summary	check	status	OK
Table	Op	Msg_type	Msg_text
KingsWayAcademy.vw_fee_collection_by_year	check	status	OK
Table	Op	Msg_type	Msg_text
KingsWayAcademy.vw_fee_collection_monthly_trend	check	status	OK
Table	Op	Msg_type	Msg_text
KingsWayAcademy.vw_fee_schedule_by_class	check	status	OK
Table	Op	Msg_type	Msg_text
KingsWayAcademy.vw_fee_structure_annual_summary	check	status	OK
Table	Op	Msg_type	Msg_text
KingsWayAcademy.vw_fee_totals_by_class	check	status	OK
Table	Op	Msg_type	Msg_text
KingsWayAcademy.vw_fee_totals_by_year	check	status	OK
Table	Op	Msg_type	Msg_text
KingsWayAcademy.vw_fee_transition_audit	check	status	OK
Table	Op	Msg_type	Msg_text
KingsWayAcademy.vw_fee_type_collection	check	status	OK
Table	Op	Msg_type	Msg_text
KingsWayAcademy.vw_food_consumption_summary	check	status	OK
Table	Op	Msg_type	Msg_text
KingsWayAcademy.vw_internal_conversations	check	status	OK
Table	Op	Msg_type	Msg_text
KingsWayAcademy.vw_inventory_health	check	status	OK
Table	Op	Msg_type	Msg_text
KingsWayAcademy.vw_maintenance_schedule	check	status	OK
Table	Op	Msg_type	Msg_text
KingsWayAcademy.vw_onboarding_dashboard	check	status	OK
Table	Op	Msg_type	Msg_text
KingsWayAcademy.vw_onboarding_pending_by_role	check	status	OK
Table	Op	Msg_type	Msg_text
KingsWayAcademy.vw_outstanding_by_class	check	status	OK
Table	Op	Msg_type	Msg_text
KingsWayAcademy.vw_parent_children	check	status	OK
Table	Op	Msg_type	Msg_text
KingsWayAcademy.vw_parent_payment_activity	check	status	OK
Table	Op	Msg_type	Msg_text
KingsWayAcademy.vw_parent_summary	check	status	OK
Table	Op	Msg_type	Msg_text
KingsWayAcademy.vw_payment_tracking	check	status	OK
Table	Op	Msg_type	Msg_text
KingsWayAcademy.vw_payment_transactions_with_amount	check	status	OK
Table	Op	Msg_type	Msg_text
KingsWayAcademy.vw_payslip_detailed	check	status	OK
Table	Op	Msg_type	Msg_text
KingsWayAcademy.vw_pending_fee_structure_reviews	check	status	OK
Table	Op	Msg_type	Msg_text
KingsWayAcademy.vw_pending_requisitions	check	status	OK
Table	Op	Msg_type	Msg_text
KingsWayAcademy.vw_petty_cash_summary	check	status	OK
Table	Op	Msg_type	Msg_text
KingsWayAcademy.vw_requisition_fulfillment	check	status	OK
Table	Op	Msg_type	Msg_text
KingsWayAcademy.vw_scheme_completion	check	status	OK
Table	Op	Msg_type	Msg_text
KingsWayAcademy.vw_school_day_context	check	status	OK
Table	Op	Msg_type	Msg_text
KingsWayAcademy.vw_sent_emails	check	status	OK
Table	Op	Msg_type	Msg_text
KingsWayAcademy.vw_sponsored_students_status	check	status	OK
Table	Op	Msg_type	Msg_text
KingsWayAcademy.vw_staff_assignments_detailed	check	status	OK
Table	Op	Msg_type	Msg_text
KingsWayAcademy.vw_staff_attendance_anomalies	check	status	OK
Table	Op	Msg_type	Msg_text
KingsWayAcademy.vw_staff_attendance_status	check	status	OK
Table	Op	Msg_type	Msg_text
KingsWayAcademy.vw_staff_children_fees	check	status	OK
Table	Op	Msg_type	Msg_text
KingsWayAcademy.vw_staff_daily_register	check	status	OK
Table	Op	Msg_type	Msg_text
KingsWayAcademy.vw_staff_leave_balance	check	status	OK
Table	Op	Msg_type	Msg_text
KingsWayAcademy.vw_staff_leave_balances	check	status	OK
Table	Op	Msg_type	Msg_text
KingsWayAcademy.vw_staff_leave_history	check	status	OK
Table	Op	Msg_type	Msg_text
KingsWayAcademy.vw_staff_loan_details	check	status	OK
Table	Op	Msg_type	Msg_text
KingsWayAcademy.vw_staff_monthly_summary	check	status	OK
Table	Op	Msg_type	Msg_text
KingsWayAcademy.vw_staff_off_day_schedule	check	status	OK
Table	Op	Msg_type	Msg_text
KingsWayAcademy.vw_staff_onboarding_progress	check	status	OK
Table	Op	Msg_type	Msg_text
KingsWayAcademy.vw_staff_payroll_eligibility	check	status	OK
Table	Op	Msg_type	Msg_text
KingsWayAcademy.vw_staff_payroll_summary	check	status	OK
Table	Op	Msg_type	Msg_text
KingsWayAcademy.vw_staff_performance_summary	check	status	OK
Table	Op	Msg_type	Msg_text
KingsWayAcademy.vw_staff_salary_history	check	status	OK
Table	Op	Msg_type	Msg_text
KingsWayAcademy.vw_staff_service_history	check	status	OK
Table	Op	Msg_type	Msg_text
KingsWayAcademy.vw_staff_workload	check	status	OK
Table	Op	Msg_type	Msg_text
KingsWayAcademy.vw_student_academic_history	check	status	OK
Table	Op	Msg_type	Msg_text
KingsWayAcademy.vw_student_arrears	check	status	OK
Table	Op	Msg_type	Msg_text
KingsWayAcademy.vw_student_attendance_analytics	check	status	OK
Table	Op	Msg_type	Msg_text
KingsWayAcademy.vw_student_attendance_summary	check	status	OK
Table	Op	Msg_type	Msg_text
KingsWayAcademy.vw_student_fee_balances	check	status	OK
Table	Op	Msg_type	Msg_text
KingsWayAcademy.vw_student_fee_clearance	check	status	OK
Table	Op	Msg_type	Msg_text
KingsWayAcademy.vw_student_fee_ledger	check	status	OK
Table	Op	Msg_type	Msg_text
KingsWayAcademy.vw_student_finance_history	check	status	OK
Table	Op	Msg_type	Msg_text
KingsWayAcademy.vw_student_health_summary	check	status	OK
Table	Op	Msg_type	Msg_text
KingsWayAcademy.vw_student_learning_progress	check	status	OK
Table	Op	Msg_type	Msg_text
KingsWayAcademy.vw_student_payment_history_multi_year	check	status	OK
Table	Op	Msg_type	Msg_text
KingsWayAcademy.vw_student_payment_status	check	status	OK
Table	Op	Msg_type	Msg_text
KingsWayAcademy.vw_student_payment_status_enhanced	check	status	OK
Table	Op	Msg_type	Msg_text
KingsWayAcademy.vw_student_term_attendance_summary	check	status	OK
Table	Op	Msg_type	Msg_text
KingsWayAcademy.vw_student_term_performance	check	status	OK
Table	Op	Msg_type	Msg_text
KingsWayAcademy.vw_student_transport_summary	check	status	OK
Table	Op	Msg_type	Msg_text
KingsWayAcademy.vw_student_uniform_balance	check	status	OK
Table	Op	Msg_type	Msg_text
KingsWayAcademy.vw_teacher_weekly_load	check	status	OK
Table	Op	Msg_type	Msg_text
KingsWayAcademy.vw_term_expected_days	check	status	OK
Table	Op	Msg_type	Msg_text
KingsWayAcademy.vw_timetable_entries	check	status	OK
Table	Op	Msg_type	Msg_text
KingsWayAcademy.vw_uniform_sales_analytics	check	status	OK
Table	Op	Msg_type	Msg_text
KingsWayAcademy.vw_uniform_sales_summary	check	status	OK
Table	Op	Msg_type	Msg_text
KingsWayAcademy.vw_uniform_stock_matrix	check	status	OK
Table	Op	Msg_type	Msg_text
KingsWayAcademy.vw_unread_announcements	check	status	OK
Table	Op	Msg_type	Msg_text
KingsWayAcademy.vw_upcoming_class_schedules	check	status	OK
Table	Op	Msg_type	Msg_text
KingsWayAcademy.vw_upcoming_exam_schedules	check	status	OK
