role_id,role,verb,path,module,api_method,handler,status,sources
2,System Administrator,GET,/dashboard/system-admin/auth-events,dashboard,getAuthEvents,Dashboard::getAuthEvents,ok,dashboard:system_administrator_dashboard
2,System Administrator,GET,/dashboard/system-admin/active-sessions,dashboard,getActiveSessions,Dashboard::getActiveSessions,ok,dashboard:system_administrator_dashboard
2,System Administrator,GET,/dashboard/system-admin/uptime,dashboard,getSystemUptime,Dashboard::getSystemUptime,ok,dashboard:system_administrator_dashboard
2,System Administrator,GET,/dashboard/system-admin/health-errors,dashboard,getSystemHealthErrors,Dashboard::getSystemHealthErrors,ok,dashboard:system_administrator_dashboard
2,System Administrator,GET,/dashboard/system-admin/health-warnings,dashboard,getSystemHealthWarnings,Dashboard::getSystemHealthWarnings,ok,dashboard:system_administrator_dashboard
2,System Administrator,GET,/dashboard/system-admin/api-load,dashboard,getAPIRequestLoad,Dashboard::getAPIRequestLoad,ok,dashboard:system_administrator_dashboard
2,System Administrator,GET,/users/index,users,index,Users::index,ok,item:1011
2,System Administrator,GET,/system/roles,system,getRoles,System::getRoles,ok,item:1011
2,System Administrator,PUT,/users/user/,users,update,Users::update,ok,item:1011
2,System Administrator,POST,/users/user,users,create,Users::create,ok,item:1011
2,System Administrator,DELETE,/users/user/,users,delete,Users::delete,ok,item:1011
2,System Administrator,GET,/system/school-config,system,getSchoolConfig,System::getSchoolConfig,ok,item:1016
2,System Administrator,POST,/system/school-config,system,updateSchoolConfig,System::updateSchoolConfig,ok,item:1016
2,System Administrator,GET,/system/backups,system,getBackups,System::getBackups,ok,item:1016
2,System Administrator,POST,/system/backups,system,createBackup,System::createBackup,ok,item:1016
2,System Administrator,DELETE,/system/backups,system,deleteBackup,System::deleteBackup,ok,item:1016
2,System Administrator,GET,/system/feature-flags,system,getFeatureFlags,System::getFeatureFlags,ok,item:1016
2,System Administrator,PUT,/system/feature-flags,system,updateFeatureFlags,System::updateFeatureFlags,ok,item:1016
2,System Administrator,GET,/system/module-enablement,system,getModuleEnablement,System::getModuleEnablement,ok,item:1016
2,System Administrator,PUT,/system/module-enablement,system,updateModuleEnablement,System::updateModuleEnablement,ok,item:1016
2,System Administrator,GET,/system/data-retention,system,getDataRetention,System::getDataRetention,ok,item:1016
2,System Administrator,PUT,/system/data-retention,system,updateDataRetention,System::updateDataRetention,ok,item:1016
2,System Administrator,GET,/system/domain-isolation,system,getDomainIsolation,System::getDomainIsolation,ok,item:1016
2,System Administrator,PUT,/system/domain-isolation,system,updateDomainIsolation,System::updateDomainIsolation,ok,item:1016
2,System Administrator,GET,/system/time-bound-access,system,getTimeBoundAccess,System::getTimeBoundAccess,ok,item:1016
2,System Administrator,PUT,/system/time-bound-access,system,updateTimeBoundAccess,System::updateTimeBoundAccess,ok,item:1016
2,System Administrator,GET,/system/routes,system,getRoutes,System::getRoutes,ok,item:1016
2,System Administrator,PUT,/system/routes,system,updateRoute,System::updateRoute,ok,item:1016
2,System Administrator,POST,/system/routes,system,createRoute,System::createRoute,ok,item:1016
2,System Administrator,DELETE,/system/routes,system,deleteRoute,System::deleteRoute,ok,item:1016
2,System Administrator,GET,/system/route-access-rules,system,getRouteAccessRules,System::getRouteAccessRules,ok,item:1016
2,System Administrator,PUT,/system/route-access-rules,system,updateRouteAccessRule,System::updateRouteAccessRule,ok,item:1016
2,System Administrator,POST,/system/route-access-rules,system,createRouteAccessRule,System::createRouteAccessRule,ok,item:1016
2,System Administrator,DELETE,/system/route-access-rules,system,deleteRouteAccessRule,System::deleteRouteAccessRule,ok,item:1016
2,System Administrator,GET,/system/role-navigation,system,getRoleNavigation,System::getRoleNavigation,ok,item:1016
2,System Administrator,GET,/system/permission-policies,system,getPermissionPolicies,System::getPermissionPolicies,ok,item:1016
2,System Administrator,PUT,/system/permission-policies,system,updatePermissionPolicy,System::updatePermissionPolicy,ok,item:1016
2,System Administrator,POST,/system/permission-policies,system,createPermissionPolicy,System::createPermissionPolicy,ok,item:1016
2,System Administrator,DELETE,/system/permission-policies,system,deletePermissionPolicy,System::deletePermissionPolicy,ok,item:1016
2,System Administrator,GET,/system/sidebar-menus,system,getSidebarMenus,System::getSidebarMenus,ok,item:1016
2,System Administrator,PUT,/system/sidebar-menus,system,updateSidebarMenu,System::updateSidebarMenu,ok,item:1016
2,System Administrator,POST,/system/sidebar-menus,system,createSidebarMenu,System::createSidebarMenu,ok,item:1016
2,System Administrator,DELETE,/system/sidebar-menus,system,deleteSidebarMenu,System::deleteSidebarMenu,ok,item:1016
2,System Administrator,GET,/system/dashboards,system,getDashboards,System::getDashboards,ok,item:1016
2,System Administrator,PUT,/system/dashboards,system,updateDashboard,System::updateDashboard,ok,item:1016
2,System Administrator,POST,/system/dashboards,system,createDashboard,System::createDashboard,ok,item:1016
2,System Administrator,DELETE,/system/dashboards,system,deleteDashboard,System::deleteDashboard,ok,item:1016
2,System Administrator,GET,/system/widgets,system,getWidgets,System::getWidgets,ok,item:1016
2,System Administrator,PUT,/system/widgets,system,updateWidget,System::updateWidget,ok,item:1016
2,System Administrator,POST,/system/widgets,system,createWidget,System::createWidget,ok,item:1016
2,System Administrator,DELETE,/system/widgets,system,deleteWidget,System::deleteWidget,ok,item:1016
2,System Administrator,GET,/system/webhook-registry,system,getWebhookRegistry,System::getWebhookRegistry,ok,item:1016
2,System Administrator,PUT,/system/webhook-registry,system,updateWebhook,System::updateWebhook,ok,item:1016
2,System Administrator,POST,/system/webhook-registry,system,createWebhook,System::createWebhook,ok,item:1016
2,System Administrator,DELETE,/system/webhook-registry,system,deleteWebhook,System::deleteWebhook,ok,item:1016
2,System Administrator,GET,/system/security-incidents,system,getSecurityIncidents,System::getSecurityIncidents,ok,item:1016
2,System Administrator,GET,/system/policy-violations,system,getPolicyViolations,System::getPolicyViolations,ok,item:1016
2,System Administrator,GET,/system/migrations,system,getMigrations,System::getMigrations,ok,item:1016
2,System Administrator,POST,/system/migrations,system,runMigration,System::runMigration,ok,item:1016
2,System Administrator,GET,/system/health,system,getHealth,System::getHealth,ok,item:1016
2,System Administrator,GET,/system/diagnostics,system,getDiagnostics,System::getDiagnostics,ok,item:1016
2,System Administrator,GET,/system/activity-audit-logs,system,getActivityAuditLogs,System::getActivityAuditLogs,ok,item:1016
2,System Administrator,GET,/system/error-logs,system,getErrorLogs,System::getErrorLogs,ok,item:1016
2,System Administrator,GET,/system/api-metrics,system,getApiMetrics,System::getApiMetrics,ok,item:1016
2,System Administrator,GET,/system/rate-limiting,system,getRateLimiting,System::getRateLimiting,ok,item:1016
2,System Administrator,GET,/system/permission-changes,system,getPermissionChanges,System::getPermissionChanges,ok,item:1016
2,System Administrator,GET,/system/background-jobs,system,getBackgroundJobs,System::getBackgroundJobs,ok,item:1016
2,System Administrator,GET,/system/job-inspector,system,getJobInspector,System::getJobInspector,ok,item:1016
2,System Administrator,GET,/system/authentication-logs,system,getAuthenticationLogs,System::getAuthenticationLogs,ok,item:1025
2,System Administrator,GET,/system/account-status,system,getAccountStatuses,System::getAccountStatuses,ok,item:1012
2,System Administrator,PUT,/system/account-status,system,updateAccountStatus,System::updateAccountStatus,ok,item:1012
2,System Administrator,GET,/system/failed-login-attempts,system,getFailedLogins,System::getFailedLogins,ok,item:1026
2,System Administrator,GET,/system/roles/,system,getRole,System::getRole,ok,item:1013
2,System Administrator,PUT,/system/roles,system,updateRole,System::updateRole,ok,item:1013
2,System Administrator,POST,/system/roles,system,createRole,System::createRole,ok,item:1013
2,System Administrator,DELETE,/system/roles/,system,deleteRole,System::deleteRole,ok,item:1013
2,System Administrator,POST,/system/roles-toggle,system,toggleRoleStatus,System::toggleRoleStatus,ok,item:1013
2,System Administrator,GET,/system/active-sessions,system,getActiveSessions,System::getActiveSessions,ok,item:1027
2,System Administrator,POST,/system/active-sessions-revoke,system,revokeSession,System::revokeSession,ok,item:1027
2,System Administrator,GET,/system/permissions,system,getPermissions,System::getPermissions,ok,item:1014
2,System Administrator,GET,/system/role-permissions?role_id=,system,getRolePermissions,System::getRolePermissions,ok,item:1014
2,System Administrator,POST,/system/role-permissions,system,assignPermissionToRole,System::assignPermissionToRole,ok,item:1014
2,System Administrator,DELETE,/system/role-permissions/,system,revokePermissionFromRole,System::revokePermissionFromRole,ok,item:1014
2,System Administrator,GET,/system/tokens,system,getTokens,System::getTokens,ok,item:1028
2,System Administrator,POST,/system/tokens-revoke,system,revokeToken,System::revokeToken,ok,item:1028
2,System Administrator,GET,/system/resource-permissions,system,getResourcePermissions,System::getResourcePermissions,ok,item:1015
2,System Administrator,PUT,/system/permissions/,system,updatePermission,System::updatePermission,ok,item:1015
2,System Administrator,POST,/system/permissions,system,createPermission,System::createPermission,ok,item:1015
2,System Administrator,DELETE,/system/permissions/,system,deletePermission,System::deletePermission,ok,item:1015
2,System Administrator,GET,/system/ip-lists,system,getIpLists,System::getIpLists,ok,item:1029
2,System Administrator,POST,/system/ip-lists,system,createIpRule,System::createIpRule,ok,item:1029
2,System Administrator,PUT,/system/ip-lists/,system,updateIpRule,System::updateIpRule,ok,item:1029
2,System Administrator,DELETE,/system/ip-lists/,system,deleteIpRule,System::deleteIpRule,ok,item:1029
2,System Administrator,GET,website/stats,legacy,this.API,Website::this.API,ok,item:100039
2,System Administrator,GET,website/categories,legacy,this.API,Website::this.API,ok,item:100039
2,System Administrator,GET,website/news,legacy,this.API,Website::this.API,ok,item:100039
2,System Administrator,GET,website/news/,legacy,this.API,Website::this.API,ok,item:100039
2,System Administrator,PUT,website/news/,legacy,this.API,Website::this.API,ok,item:100039
2,System Administrator,POST,website/news,legacy,this.API,Website::this.API,ok,item:100039
2,System Administrator,DELETE,website/news/,legacy,this.API,Website::this.API,ok,item:100039
2,System Administrator,GET,website/events,legacy,this.API,Website::this.API,ok,item:100039
2,System Administrator,GET,website/events/,legacy,this.API,Website::this.API,ok,item:100039
2,System Administrator,PUT,website/events/,legacy,this.API,Website::this.API,ok,item:100039
2,System Administrator,POST,website/events,legacy,this.API,Website::this.API,ok,item:100039
2,System Administrator,DELETE,website/events/,legacy,this.API,Website::this.API,ok,item:100039
2,System Administrator,GET,website/gallery,legacy,this.API,Website::this.API,ok,item:100039
2,System Administrator,POST,website/gallery,legacy,this.API,Website::this.API,ok,item:100039
2,System Administrator,DELETE,website/gallery/,legacy,this.API,Website::this.API,ok,item:100039
2,System Administrator,GET,website/downloads,legacy,this.API,Website::this.API,ok,item:100039
2,System Administrator,PUT,website/downloads/,legacy,this.API,Website::this.API,ok,item:100039
2,System Administrator,POST,website/downloads,legacy,this.API,Website::this.API,ok,item:100039
2,System Administrator,DELETE,website/downloads/,legacy,this.API,Website::this.API,ok,item:100039
2,System Administrator,GET,website/jobs,legacy,this.API,Website::this.API,ok,item:100039
2,System Administrator,GET,website/jobs/,legacy,this.API,Website::this.API,ok,item:100039
2,System Administrator,PUT,website/jobs/,legacy,this.API,Website::this.API,ok,item:100039
2,System Administrator,POST,website/jobs,legacy,this.API,Website::this.API,ok,item:100039
2,System Administrator,DELETE,website/jobs/,legacy,this.API,Website::this.API,ok,item:100039
2,System Administrator,GET,website/applications,legacy,this.API,Website::this.API,ok,item:100039
2,System Administrator,GET,website/job-applications,legacy,this.API,Website::this.API,ok,item:100039
2,System Administrator,PUT,website/applications/,legacy,this.API,Website::this.API,ok,item:100039
2,System Administrator,GET,website/inquiries,legacy,this.API,Website::this.API,ok,item:100039
2,System Administrator,PUT,website/inquiries/,legacy,this.API,Website::this.API,ok,item:100039
2,System Administrator,GET,website/content,legacy,this.API,Website::this.API,ok,item:100039
2,System Administrator,PUT,website/content,legacy,this.API,Website::this.API,ok,item:100039
2,System Administrator,POST,website/categories,legacy,this.API,Website::this.API,ok,item:100039
2,System Administrator,DELETE,website/categories/,legacy,this.API,Website::this.API,ok,item:100039
2,System Administrator,GET,website/settings,legacy,this.API,Website::this.API,ok,item:100039
2,System Administrator,PUT,website/settings,legacy,this.API,Website::this.API,ok,item:100039
2,System Administrator,GET,website/,legacy,this.API,,dynamic,item:100039
2,System Administrator,DELETE,website/,legacy,this.API,,dynamic,item:100039
2,System Administrator,GET,/academic/terms-list,direct,apiCall,Academic::apiCall,ok,item:100116
2,System Administrator,GET,/academic/assessment-types,direct,apiCall,Academic::apiCall,ok,item:100116
2,System Administrator,GET,/academic/learning-areas-list,direct,apiCall,Academic::apiCall,ok,item:100116
2,System Administrator,GET,/academic/strands?learning_area_id=,direct,apiCall,Academic::apiCall,ok,item:100116
2,System Administrator,GET,/academic/assessments-list?,direct,apiCall,Academic::apiCall,ok,item:100116
2,System Administrator,GET,/academic/learning-outcomes?learning_area_id=,direct,apiCall,Academic::apiCall,ok,item:100116
2,System Administrator,POST,/academic/formative-assessments,direct,apiCall,Academic::apiCall,ok,item:100116
2,System Administrator,GET,/academic/class-students?class_id=,direct,apiCall,Academic::apiCall,ok,item:100116
2,System Administrator,GET,/academic/formative-assessment-marks?assessment_id=,direct,apiCall,Academic::apiCall,ok,item:100116
2,System Administrator,POST,/academic/formative-assessment-marks,direct,apiCall,Academic::apiCall,ok,item:100116
2,System Administrator,POST,/academic/compute-term-scores,direct,apiCall,Academic::apiCall,ok,item:100116
2,System Administrator,GET,/communications/communication,communications,getMessages,Communications::getMessages,ok,item:100117
2,System Administrator,GET,/communications/contact/,communications,getContact,Communications::getContact,ok,item:100117
2,System Administrator,GET,/communications/contact,communications,getContact,Communications::getContact,ok,item:100117
2,System Administrator,GET,/communications/group/,communications,getGroup,Communications::getGroup,ok,item:100117
2,System Administrator,GET,/communications/group,communications,getGroup,Communications::getGroup,ok,item:100117
2,System Administrator,GET,/communications/template,communications,getTemplates,Communications::getTemplates,ok,item:100117
2,System Administrator,POST,/communications/send-whatsapp,communications,sendWhatsapp,Communications::sendWhatsapp,ok,item:100117
2,System Administrator,POST,/communications/communication,communications,createCommunication,Communications::createCommunication,ok,item:100117
2,System Administrator,POST,/communications/resend,communications,resendCommunication,Communications::resendCommunication,ok,item:100117
2,System Administrator,GET,/finance/salary-advances,direct,apiCall,Finance::apiCall,ok,item:100118
2,System Administrator,GET,/staff,direct,apiCall,Staff::apiCall,ok,item:100118
2,System Administrator,POST,/finance/salary-advances,direct,apiCall,Finance::apiCall,ok,item:100118
2,System Administrator,GET,/finance/salary-advances/,direct,apiCall,Finance::apiCall,ok,item:100118
2,System Administrator,GET,/schedules/timetable-time-slots,direct,apiCall,Schedules::apiCall,ok,item:100120
2,System Administrator,GET,/schedules/timetable-get?,direct,apiCall,Schedules::apiCall,ok,item:100120
2,System Administrator,GET,/schedules/staff-duty-schedule?,direct,apiCall,Schedules::apiCall,ok,item:100120
2,System Administrator,GET,/students/all,direct,apiCall,Students::apiCall,ok,item:100121
2,System Administrator,GET,/academic/student-timeline/,direct,apiCall,Academic::apiCall,ok,item:100121
2,System Administrator,POST,/academic/transfer-requests,direct,apiCall,Academic::apiCall,ok,item:100121
2,System Administrator,GET,/academic/term-transition/context,direct,apiCall,Academic::apiCall,ok,item:100122
2,System Administrator,GET,/academic/timetable-stats,direct,apiCall,Academic::apiCall,ok,item:100122
2,System Administrator,GET,/academic/lesson-plans-list?term_id=,direct,apiCall,Academic::apiCall,ok,item:100122
2,System Administrator,GET,/attendance/academic-summary?term_id=,direct,apiCall,Attendance::apiCall,ok,item:100122
2,System Administrator,GET,/academic/grading-results?term_id=,direct,apiCall,Academic::apiCall,ok,item:100122
2,System Administrator,POST,/academic/term-transition/execute,direct,apiCall,Academic::apiCall,ok,item:100122
2,System Administrator,GET,/academic/year-rollover-status,direct,apiCall,Academic::apiCall,ok,item:100123
2,System Administrator,POST,/academic/year-rollover,direct,apiCall,Academic::apiCall,ok,item:100123
3,Director,GET,/dashboard/director/summary,dashboard,getDirectorSummary,Dashboard::getDirectorSummary,ok,dashboard:director_owner_dashboard
3,Director,GET,/payments/trends,dashboard,getPaymentsTrends,Payments::getPaymentsTrends,ok,dashboard:director_owner_dashboard
3,Director,GET,/payments/revenue-sources,dashboard,getPaymentsRevenueSources,Payments::getPaymentsRevenueSources,ok,dashboard:director_owner_dashboard
3,Director,GET,/academics/kpis,dashboard,getAcademicsKpis,Academic::getAcademicsKpis,ok,dashboard:director_owner_dashboard
3,Director,GET,/academics/performance-matrix,dashboard,getAcademicsPerformanceMatrix,Academic::getAcademicsPerformanceMatrix,ok,dashboard:director_owner_dashboard
3,Director,GET,/attendance/trends,dashboard,getAttendanceTrends,Attendance::getAttendanceTrends,ok,dashboard:director_owner_dashboard
3,Director,GET,/dashboard/director/risks,dashboard,getDirectorRisks,Dashboard::getDirectorRisks,ok,dashboard:director_owner_dashboard
3,Director,GET,/dashboard/director/announcements,dashboard,getDirectorAnnouncements,Dashboard::getDirectorAnnouncements,ok,dashboard:director_owner_dashboard
3,Director,GET,website/stats,legacy,this.API,Website::this.API,ok,item:100039
3,Director,GET,website/categories,legacy,this.API,Website::this.API,ok,item:100039
3,Director,GET,website/news,legacy,this.API,Website::this.API,ok,item:100039
3,Director,GET,website/news/,legacy,this.API,Website::this.API,ok,item:100039
3,Director,PUT,website/news/,legacy,this.API,Website::this.API,ok,item:100039
3,Director,POST,website/news,legacy,this.API,Website::this.API,ok,item:100039
3,Director,DELETE,website/news/,legacy,this.API,Website::this.API,ok,item:100039
3,Director,GET,website/events,legacy,this.API,Website::this.API,ok,item:100039
3,Director,GET,website/events/,legacy,this.API,Website::this.API,ok,item:100039
3,Director,PUT,website/events/,legacy,this.API,Website::this.API,ok,item:100039
3,Director,POST,website/events,legacy,this.API,Website::this.API,ok,item:100039
3,Director,DELETE,website/events/,legacy,this.API,Website::this.API,ok,item:100039
3,Director,GET,website/gallery,legacy,this.API,Website::this.API,ok,item:100039
3,Director,POST,website/gallery,legacy,this.API,Website::this.API,ok,item:100039
3,Director,DELETE,website/gallery/,legacy,this.API,Website::this.API,ok,item:100039
3,Director,GET,website/downloads,legacy,this.API,Website::this.API,ok,item:100039
3,Director,PUT,website/downloads/,legacy,this.API,Website::this.API,ok,item:100039
3,Director,POST,website/downloads,legacy,this.API,Website::this.API,ok,item:100039
3,Director,DELETE,website/downloads/,legacy,this.API,Website::this.API,ok,item:100039
3,Director,GET,website/jobs,legacy,this.API,Website::this.API,ok,item:100039
3,Director,GET,website/jobs/,legacy,this.API,Website::this.API,ok,item:100039
3,Director,PUT,website/jobs/,legacy,this.API,Website::this.API,ok,item:100039
3,Director,POST,website/jobs,legacy,this.API,Website::this.API,ok,item:100039
3,Director,DELETE,website/jobs/,legacy,this.API,Website::this.API,ok,item:100039
3,Director,GET,website/applications,legacy,this.API,Website::this.API,ok,item:100039
3,Director,GET,website/job-applications,legacy,this.API,Website::this.API,ok,item:100039
3,Director,PUT,website/applications/,legacy,this.API,Website::this.API,ok,item:100039
3,Director,GET,website/inquiries,legacy,this.API,Website::this.API,ok,item:100039
3,Director,PUT,website/inquiries/,legacy,this.API,Website::this.API,ok,item:100039
3,Director,GET,website/content,legacy,this.API,Website::this.API,ok,item:100039
3,Director,PUT,website/content,legacy,this.API,Website::this.API,ok,item:100039
3,Director,POST,website/categories,legacy,this.API,Website::this.API,ok,item:100039
3,Director,DELETE,website/categories/,legacy,this.API,Website::this.API,ok,item:100039
3,Director,GET,website/settings,legacy,this.API,Website::this.API,ok,item:100039
3,Director,PUT,website/settings,legacy,this.API,Website::this.API,ok,item:100039
3,Director,GET,website/,legacy,this.API,,dynamic,item:100039
3,Director,DELETE,website/,legacy,this.API,,dynamic,item:100039
4,School Administrator,GET,/dashboard/school-admin/full,dashboard,getSchoolAdminFull,Dashboard::getSchoolAdminFull,ok,dashboard:school_administrative_officer_dashboard
4,School Administrator,GET,/dashboard/school-admin/students,dashboard,getSchoolAdminStudents,Dashboard::getSchoolAdminStudents,ok,dashboard:school_administrative_officer_dashboard
4,School Administrator,GET,/dashboard/school-admin/staff,dashboard,getSchoolAdminStaff,Dashboard::getSchoolAdminStaff,ok,dashboard:school_administrative_officer_dashboard
4,School Administrator,GET,/dashboard/school-admin/attendance,dashboard,getSchoolAdminAttendance,Dashboard::getSchoolAdminAttendance,ok,dashboard:school_administrative_officer_dashboard
4,School Administrator,GET,/dashboard/school-admin/admissions,dashboard,getSchoolAdminAdmissions,Dashboard::getSchoolAdminAdmissions,ok,dashboard:school_administrative_officer_dashboard
4,School Administrator,GET,/dashboard/school-admin/timetables,dashboard,getSchoolAdminTimetables,Dashboard::getSchoolAdminTimetables,ok,dashboard:school_administrative_officer_dashboard
4,School Administrator,GET,/dashboard/school-admin/announcements,dashboard,getSchoolAdminAnnouncements,Dashboard::getSchoolAdminAnnouncements,ok,dashboard:school_administrative_officer_dashboard
4,School Administrator,GET,/dashboard/school-admin/system-status,dashboard,getSchoolAdminSystemStatus,Dashboard::getSchoolAdminSystemStatus,ok,dashboard:school_administrative_officer_dashboard
4,School Administrator,GET,/dashboard/school-admin/pending-items,dashboard,getSchoolAdminPendingItems,Dashboard::getSchoolAdminPendingItems,ok,dashboard:school_administrative_officer_dashboard
4,School Administrator,GET,/dashboard/school-admin/class-distribution?filter=,dashboard,getSchoolAdminClassDistribution,Dashboard::getSchoolAdminClassDistribution,ok,dashboard:school_administrative_officer_dashboard
4,School Administrator,GET,/dashboard/school-admin/attendance-trend?weeks=,dashboard,getSchoolAdminAttendanceTrend,Dashboard::getSchoolAdminAttendanceTrend,ok,dashboard:school_administrative_officer_dashboard
4,School Administrator,GET,/dashboard/school-admin/staff-directory,dashboard,getSchoolAdminStaffDirectory,Dashboard::getSchoolAdminStaffDirectory,ok,dashboard:school_administrative_officer_dashboard
4,School Administrator,GET,website/stats,legacy,this.API,Website::this.API,ok,item:100039
4,School Administrator,GET,website/categories,legacy,this.API,Website::this.API,ok,item:100039
4,School Administrator,GET,website/news,legacy,this.API,Website::this.API,ok,item:100039
4,School Administrator,GET,website/news/,legacy,this.API,Website::this.API,ok,item:100039
4,School Administrator,PUT,website/news/,legacy,this.API,Website::this.API,ok,item:100039
4,School Administrator,POST,website/news,legacy,this.API,Website::this.API,ok,item:100039
4,School Administrator,DELETE,website/news/,legacy,this.API,Website::this.API,ok,item:100039
4,School Administrator,GET,website/events,legacy,this.API,Website::this.API,ok,item:100039
4,School Administrator,GET,website/events/,legacy,this.API,Website::this.API,ok,item:100039
4,School Administrator,PUT,website/events/,legacy,this.API,Website::this.API,ok,item:100039
4,School Administrator,POST,website/events,legacy,this.API,Website::this.API,ok,item:100039
4,School Administrator,DELETE,website/events/,legacy,this.API,Website::this.API,ok,item:100039
4,School Administrator,GET,website/gallery,legacy,this.API,Website::this.API,ok,item:100039
4,School Administrator,POST,website/gallery,legacy,this.API,Website::this.API,ok,item:100039
4,School Administrator,DELETE,website/gallery/,legacy,this.API,Website::this.API,ok,item:100039
4,School Administrator,GET,website/downloads,legacy,this.API,Website::this.API,ok,item:100039
4,School Administrator,PUT,website/downloads/,legacy,this.API,Website::this.API,ok,item:100039
4,School Administrator,POST,website/downloads,legacy,this.API,Website::this.API,ok,item:100039
4,School Administrator,DELETE,website/downloads/,legacy,this.API,Website::this.API,ok,item:100039
4,School Administrator,GET,website/jobs,legacy,this.API,Website::this.API,ok,item:100039
4,School Administrator,GET,website/jobs/,legacy,this.API,Website::this.API,ok,item:100039
4,School Administrator,PUT,website/jobs/,legacy,this.API,Website::this.API,ok,item:100039
4,School Administrator,POST,website/jobs,legacy,this.API,Website::this.API,ok,item:100039
4,School Administrator,DELETE,website/jobs/,legacy,this.API,Website::this.API,ok,item:100039
4,School Administrator,GET,website/applications,legacy,this.API,Website::this.API,ok,item:100039
4,School Administrator,GET,website/job-applications,legacy,this.API,Website::this.API,ok,item:100039
4,School Administrator,PUT,website/applications/,legacy,this.API,Website::this.API,ok,item:100039
4,School Administrator,GET,website/inquiries,legacy,this.API,Website::this.API,ok,item:100039
4,School Administrator,PUT,website/inquiries/,legacy,this.API,Website::this.API,ok,item:100039
4,School Administrator,GET,website/content,legacy,this.API,Website::this.API,ok,item:100039
4,School Administrator,PUT,website/content,legacy,this.API,Website::this.API,ok,item:100039
4,School Administrator,POST,website/categories,legacy,this.API,Website::this.API,ok,item:100039
4,School Administrator,DELETE,website/categories/,legacy,this.API,Website::this.API,ok,item:100039
4,School Administrator,GET,website/settings,legacy,this.API,Website::this.API,ok,item:100039
4,School Administrator,PUT,website/settings,legacy,this.API,Website::this.API,ok,item:100039
4,School Administrator,GET,website/,legacy,this.API,,dynamic,item:100039
4,School Administrator,DELETE,website/,legacy,this.API,,dynamic,item:100039
5,Headteacher,GET,/dashboard/headteacher/full,dashboard,getHeadteacherFull,Dashboard::getHeadteacherFull,ok,dashboard:headteacher_dashboard
5,Headteacher,GET,website/stats,legacy,this.API,Website::this.API,ok,item:100048
5,Headteacher,GET,website/categories,legacy,this.API,Website::this.API,ok,item:100048
5,Headteacher,GET,website/news,legacy,this.API,Website::this.API,ok,item:100048
5,Headteacher,GET,website/news/,legacy,this.API,Website::this.API,ok,item:100048
5,Headteacher,PUT,website/news/,legacy,this.API,Website::this.API,ok,item:100048
5,Headteacher,POST,website/news,legacy,this.API,Website::this.API,ok,item:100048
5,Headteacher,DELETE,website/news/,legacy,this.API,Website::this.API,ok,item:100048
5,Headteacher,GET,website/events,legacy,this.API,Website::this.API,ok,item:100048
5,Headteacher,GET,website/events/,legacy,this.API,Website::this.API,ok,item:100048
5,Headteacher,PUT,website/events/,legacy,this.API,Website::this.API,ok,item:100048
5,Headteacher,POST,website/events,legacy,this.API,Website::this.API,ok,item:100048
5,Headteacher,DELETE,website/events/,legacy,this.API,Website::this.API,ok,item:100048
5,Headteacher,GET,website/gallery,legacy,this.API,Website::this.API,ok,item:100048
5,Headteacher,POST,website/gallery,legacy,this.API,Website::this.API,ok,item:100048
5,Headteacher,DELETE,website/gallery/,legacy,this.API,Website::this.API,ok,item:100048
5,Headteacher,GET,website/downloads,legacy,this.API,Website::this.API,ok,item:100048
5,Headteacher,PUT,website/downloads/,legacy,this.API,Website::this.API,ok,item:100048
5,Headteacher,POST,website/downloads,legacy,this.API,Website::this.API,ok,item:100048
5,Headteacher,DELETE,website/downloads/,legacy,this.API,Website::this.API,ok,item:100048
5,Headteacher,GET,website/jobs,legacy,this.API,Website::this.API,ok,item:100048
5,Headteacher,GET,website/jobs/,legacy,this.API,Website::this.API,ok,item:100048
5,Headteacher,PUT,website/jobs/,legacy,this.API,Website::this.API,ok,item:100048
5,Headteacher,POST,website/jobs,legacy,this.API,Website::this.API,ok,item:100048
5,Headteacher,DELETE,website/jobs/,legacy,this.API,Website::this.API,ok,item:100048
5,Headteacher,GET,website/applications,legacy,this.API,Website::this.API,ok,item:100048
5,Headteacher,GET,website/job-applications,legacy,this.API,Website::this.API,ok,item:100048
5,Headteacher,PUT,website/applications/,legacy,this.API,Website::this.API,ok,item:100048
5,Headteacher,GET,website/inquiries,legacy,this.API,Website::this.API,ok,item:100048
5,Headteacher,PUT,website/inquiries/,legacy,this.API,Website::this.API,ok,item:100048
5,Headteacher,GET,website/content,legacy,this.API,Website::this.API,ok,item:100048
5,Headteacher,PUT,website/content,legacy,this.API,Website::this.API,ok,item:100048
5,Headteacher,POST,website/categories,legacy,this.API,Website::this.API,ok,item:100048
5,Headteacher,DELETE,website/categories/,legacy,this.API,Website::this.API,ok,item:100048
5,Headteacher,GET,website/settings,legacy,this.API,Website::this.API,ok,item:100048
5,Headteacher,PUT,website/settings,legacy,this.API,Website::this.API,ok,item:100048
5,Headteacher,GET,website/,legacy,this.API,,dynamic,item:100048
5,Headteacher,DELETE,website/,legacy,this.API,,dynamic,item:100048
6,Deputy Head - Academic,GET,/dashboard/deputy-academic/full,dashboard,getDeputyAcademicFull,Dashboard::getDeputyAcademicFull,ok,dashboard:deputy_head_academic_dashboard
6,Deputy Head - Academic,GET,website/stats,legacy,this.API,Website::this.API,ok,item:100056
6,Deputy Head - Academic,GET,website/categories,legacy,this.API,Website::this.API,ok,item:100056
6,Deputy Head - Academic,GET,website/news,legacy,this.API,Website::this.API,ok,item:100056
6,Deputy Head - Academic,GET,website/news/,legacy,this.API,Website::this.API,ok,item:100056
6,Deputy Head - Academic,PUT,website/news/,legacy,this.API,Website::this.API,ok,item:100056
6,Deputy Head - Academic,POST,website/news,legacy,this.API,Website::this.API,ok,item:100056
6,Deputy Head - Academic,DELETE,website/news/,legacy,this.API,Website::this.API,ok,item:100056
6,Deputy Head - Academic,GET,website/events,legacy,this.API,Website::this.API,ok,item:100056
6,Deputy Head - Academic,GET,website/events/,legacy,this.API,Website::this.API,ok,item:100056
6,Deputy Head - Academic,PUT,website/events/,legacy,this.API,Website::this.API,ok,item:100056
6,Deputy Head - Academic,POST,website/events,legacy,this.API,Website::this.API,ok,item:100056
6,Deputy Head - Academic,DELETE,website/events/,legacy,this.API,Website::this.API,ok,item:100056
6,Deputy Head - Academic,GET,website/gallery,legacy,this.API,Website::this.API,ok,item:100056
6,Deputy Head - Academic,POST,website/gallery,legacy,this.API,Website::this.API,ok,item:100056
6,Deputy Head - Academic,DELETE,website/gallery/,legacy,this.API,Website::this.API,ok,item:100056
6,Deputy Head - Academic,GET,website/downloads,legacy,this.API,Website::this.API,ok,item:100056
6,Deputy Head - Academic,PUT,website/downloads/,legacy,this.API,Website::this.API,ok,item:100056
6,Deputy Head - Academic,POST,website/downloads,legacy,this.API,Website::this.API,ok,item:100056
6,Deputy Head - Academic,DELETE,website/downloads/,legacy,this.API,Website::this.API,ok,item:100056
6,Deputy Head - Academic,GET,website/jobs,legacy,this.API,Website::this.API,ok,item:100056
6,Deputy Head - Academic,GET,website/jobs/,legacy,this.API,Website::this.API,ok,item:100056
6,Deputy Head - Academic,PUT,website/jobs/,legacy,this.API,Website::this.API,ok,item:100056
6,Deputy Head - Academic,POST,website/jobs,legacy,this.API,Website::this.API,ok,item:100056
6,Deputy Head - Academic,DELETE,website/jobs/,legacy,this.API,Website::this.API,ok,item:100056
6,Deputy Head - Academic,GET,website/applications,legacy,this.API,Website::this.API,ok,item:100056
6,Deputy Head - Academic,GET,website/job-applications,legacy,this.API,Website::this.API,ok,item:100056
6,Deputy Head - Academic,PUT,website/applications/,legacy,this.API,Website::this.API,ok,item:100056
6,Deputy Head - Academic,GET,website/inquiries,legacy,this.API,Website::this.API,ok,item:100056
6,Deputy Head - Academic,PUT,website/inquiries/,legacy,this.API,Website::this.API,ok,item:100056
6,Deputy Head - Academic,GET,website/content,legacy,this.API,Website::this.API,ok,item:100056
6,Deputy Head - Academic,PUT,website/content,legacy,this.API,Website::this.API,ok,item:100056
6,Deputy Head - Academic,POST,website/categories,legacy,this.API,Website::this.API,ok,item:100056
6,Deputy Head - Academic,DELETE,website/categories/,legacy,this.API,Website::this.API,ok,item:100056
6,Deputy Head - Academic,GET,website/settings,legacy,this.API,Website::this.API,ok,item:100056
6,Deputy Head - Academic,PUT,website/settings,legacy,this.API,Website::this.API,ok,item:100056
6,Deputy Head - Academic,GET,website/,legacy,this.API,,dynamic,item:100056
6,Deputy Head - Academic,DELETE,website/,legacy,this.API,,dynamic,item:100056
7,Class Teacher,GET,/dashboard/class-teacher/full,dashboard,getClassTeacherFull,Dashboard::getClassTeacherFull,ok,dashboard:class_teacher_dashboard
8,Subject Teacher,GET,/dashboard/subject-teacher/full,dashboard,getSubjectTeacherFull,Dashboard::getSubjectTeacherFull,ok,dashboard:subject_teacher_dashboard
9,Intern/Student Teacher,GET,/dashboard/intern-teacher/full,dashboard,getInternTeacherFull,Dashboard::getInternTeacherFull,ok,dashboard:intern_student_teacher_dashboard
10,Accountant,GET,/dashboard/accountant/financial,dashboard,getAccountantFinancial,Dashboard::getAccountantFinancial,ok,dashboard:school_accountant_dashboard
10,Accountant,GET,/dashboard/accountant/payments,dashboard,getAccountantPayments,Dashboard::getAccountantPayments,ok,dashboard:school_accountant_dashboard
14,Inventory Manager,GET,/inventory/dashboard,inventory,getDashboard,Inventory::getDashboard,ok,dashboard:store_manager_dashboard
16,Cateress,GET,/catering/stats,catering,getStats,Catering::getStats,ok,dashboard:catering_manager_cook_lead_dashboard
16,Cateress,GET,/catering/menu,catering,getMenu,Catering::getMenu,ok,dashboard:catering_manager_cook_lead_dashboard
16,Cateress,GET,/catering/food-stock,catering,getFoodStock,Catering::getFoodStock,ok,dashboard:catering_manager_cook_lead_dashboard
18,Boarding Master,GET,/boarding/stats,boarding,getStats,Boarding::getStats,ok,dashboard:matron_housemother_dashboard
18,Boarding Master,GET,/boarding/occupancy,boarding,getOccupancy,Boarding::getOccupancy,ok,dashboard:matron_housemother_dashboard
18,Boarding Master,GET,/boarding/roll-call,boarding,getRollCalls,Boarding::getRollCalls,ok,dashboard:matron_housemother_dashboard
18,Boarding Master,GET,/boarding/exeats,boarding,getExeats,Boarding::getExeats,ok,dashboard:matron_housemother_dashboard
21,Talent Development,GET,/activities/statistics/get,activities,getSummary,Activities::getSummary,ok,dashboard:hod_talent_development_dashboard
21,Talent Development,GET,/activities,activities,list,Activities::list,ok,dashboard:hod_talent_development_dashboard
21,Talent Development,GET,/activities/schedules/list,activities,listSchedules,Activities::listSchedules,ok,dashboard:hod_talent_development_dashboard
21,Talent Development,GET,website/stats,legacy,this.API,Website::this.API,ok,item:100062
21,Talent Development,GET,website/categories,legacy,this.API,Website::this.API,ok,item:100062
21,Talent Development,GET,website/news,legacy,this.API,Website::this.API,ok,item:100062
21,Talent Development,GET,website/news/,legacy,this.API,Website::this.API,ok,item:100062
21,Talent Development,PUT,website/news/,legacy,this.API,Website::this.API,ok,item:100062
21,Talent Development,POST,website/news,legacy,this.API,Website::this.API,ok,item:100062
21,Talent Development,DELETE,website/news/,legacy,this.API,Website::this.API,ok,item:100062
21,Talent Development,GET,website/events,legacy,this.API,Website::this.API,ok,item:100062
21,Talent Development,GET,website/events/,legacy,this.API,Website::this.API,ok,item:100062
21,Talent Development,PUT,website/events/,legacy,this.API,Website::this.API,ok,item:100062
21,Talent Development,POST,website/events,legacy,this.API,Website::this.API,ok,item:100062
21,Talent Development,DELETE,website/events/,legacy,this.API,Website::this.API,ok,item:100062
21,Talent Development,GET,website/gallery,legacy,this.API,Website::this.API,ok,item:100062
21,Talent Development,POST,website/gallery,legacy,this.API,Website::this.API,ok,item:100062
21,Talent Development,DELETE,website/gallery/,legacy,this.API,Website::this.API,ok,item:100062
21,Talent Development,GET,website/downloads,legacy,this.API,Website::this.API,ok,item:100062
21,Talent Development,PUT,website/downloads/,legacy,this.API,Website::this.API,ok,item:100062
21,Talent Development,POST,website/downloads,legacy,this.API,Website::this.API,ok,item:100062
21,Talent Development,DELETE,website/downloads/,legacy,this.API,Website::this.API,ok,item:100062
21,Talent Development,GET,website/jobs,legacy,this.API,Website::this.API,ok,item:100062
21,Talent Development,GET,website/jobs/,legacy,this.API,Website::this.API,ok,item:100062
21,Talent Development,PUT,website/jobs/,legacy,this.API,Website::this.API,ok,item:100062
21,Talent Development,POST,website/jobs,legacy,this.API,Website::this.API,ok,item:100062
21,Talent Development,DELETE,website/jobs/,legacy,this.API,Website::this.API,ok,item:100062
21,Talent Development,GET,website/applications,legacy,this.API,Website::this.API,ok,item:100062
21,Talent Development,GET,website/job-applications,legacy,this.API,Website::this.API,ok,item:100062
21,Talent Development,PUT,website/applications/,legacy,this.API,Website::this.API,ok,item:100062
21,Talent Development,GET,website/inquiries,legacy,this.API,Website::this.API,ok,item:100062
21,Talent Development,PUT,website/inquiries/,legacy,this.API,Website::this.API,ok,item:100062
21,Talent Development,GET,website/content,legacy,this.API,Website::this.API,ok,item:100062
21,Talent Development,PUT,website/content,legacy,this.API,Website::this.API,ok,item:100062
21,Talent Development,POST,website/categories,legacy,this.API,Website::this.API,ok,item:100062
21,Talent Development,DELETE,website/categories/,legacy,this.API,Website::this.API,ok,item:100062
21,Talent Development,GET,website/settings,legacy,this.API,Website::this.API,ok,item:100062
21,Talent Development,PUT,website/settings,legacy,this.API,Website::this.API,ok,item:100062
21,Talent Development,GET,website/,legacy,this.API,,dynamic,item:100062
21,Talent Development,DELETE,website/,legacy,this.API,,dynamic,item:100062
23,Driver,GET,/transport/my-route,transport,getMyRoute,Transport::getMyRoute,ok,dashboard:driver_dashboard
23,Driver,GET,/transport/my-vehicle,transport,getMyVehicle,Transport::getMyVehicle,ok,dashboard:driver_dashboard
23,Driver,GET,/transport/route-manifest?route_id=,transport,getRouteManifest,Transport::getRouteManifest,ok,dashboard:driver_dashboard
24,Chaplain,GET,/counseling/summary,counseling,getSummary,Counseling::getSummary,ok,dashboard:school_counselor_chaplain_dashboard
32,Kitchen Staff,GET,/staff/access-context,staff,getAccessContext,Staff::getAccessContext,ok,dashboard:support_staff_dashboard
32,Kitchen Staff,GET,/staff/profile-get/,staff,getProfile,Staff::getProfile,ok,dashboard:support_staff_dashboard
32,Kitchen Staff,GET,/staff/profile-get,staff,getProfile,Staff::getProfile,ok,dashboard:support_staff_dashboard
32,Kitchen Staff,GET,/staff/attendance-get/,staff,getAttendance,Staff::getAttendance,ok,dashboard:support_staff_dashboard
32,Kitchen Staff,GET,/staff/attendance-get,staff,getAttendance,Staff::getAttendance,ok,dashboard:support_staff_dashboard
32,Kitchen Staff,GET,/staff/payroll-history?staff_id=,staff,getPayrollHistory,Staff::getPayrollHistory,ok,dashboard:support_staff_dashboard
32,Kitchen Staff,GET,/staff/leave-types,staff,getLeaveTypes,Staff::getLeaveTypes,ok,dashboard:support_staff_dashboard
32,Kitchen Staff,GET,/staff/leave-balance,staff,getLeaveBalance,Staff::getLeaveBalance,ok,dashboard:support_staff_dashboard
32,Kitchen Staff,GET,/staff/leave-requests,staff,getLeaveRequests,Staff::getLeaveRequests,ok,dashboard:support_staff_dashboard
32,Kitchen Staff,GET,/communications/announcement/,communications,getAnnouncement,Communications::getAnnouncement,ok,dashboard:support_staff_dashboard
32,Kitchen Staff,GET,/communications/announcement,communications,getAnnouncement,Communications::getAnnouncement,ok,dashboard:support_staff_dashboard
32,Kitchen Staff,GET,/staff/internal-opportunities,staff,getInternalOpportunities,Staff::getInternalOpportunities,ok,dashboard:support_staff_dashboard
32,Kitchen Staff,GET,/staff/incidents,staff,getIncidentReports,Staff::getIncidentReports,ok,dashboard:support_staff_dashboard
32,Kitchen Staff,GET,/catering/stats,catering,getStats,Catering::getStats,ok,dashboard:support_staff_dashboard
32,Kitchen Staff,GET,/catering/food-stock,catering,getFoodStock,Catering::getFoodStock,ok,dashboard:support_staff_dashboard
32,Kitchen Staff,GET,/boarding/exeats,boarding,getExeats,Boarding::getExeats,ok,dashboard:support_staff_dashboard
32,Kitchen Staff,GET,/maintenance/dashboard-summary,maintenance,getDashboardSummary,Maintenance::getDashboardSummary,ok,dashboard:support_staff_dashboard
32,Kitchen Staff,POST,/staff/leave-requests,staff,createLeaveRequest,Staff::createLeaveRequest,ok,dashboard:support_staff_dashboard
32,Kitchen Staff,POST,/staff/incidents,staff,createIncidentReport,Staff::createIncidentReport,ok,dashboard:support_staff_dashboard
32,Kitchen Staff,POST,/staff/internal-opportunities-apply,staff,applyForInternalOpportunity,Staff::applyForInternalOpportunity,ok,dashboard:support_staff_dashboard
32,Kitchen Staff,GET,/staff/payroll-download-payslip?staff_id=,staff,downloadPayslip,Staff::downloadPayslip,ok,dashboard:support_staff_dashboard
32,Kitchen Staff,GET,/staff/payroll-download-p9?staff_id=&year=,staff,downloadP9,Staff::downloadP9,ok,dashboard:support_staff_dashboard
33,Security Staff,GET,/staff/access-context,staff,getAccessContext,Staff::getAccessContext,ok,dashboard:support_staff_dashboard
33,Security Staff,GET,/staff/profile-get/,staff,getProfile,Staff::getProfile,ok,dashboard:support_staff_dashboard
33,Security Staff,GET,/staff/profile-get,staff,getProfile,Staff::getProfile,ok,dashboard:support_staff_dashboard
33,Security Staff,GET,/staff/attendance-get/,staff,getAttendance,Staff::getAttendance,ok,dashboard:support_staff_dashboard
33,Security Staff,GET,/staff/attendance-get,staff,getAttendance,Staff::getAttendance,ok,dashboard:support_staff_dashboard
33,Security Staff,GET,/staff/payroll-history?staff_id=,staff,getPayrollHistory,Staff::getPayrollHistory,ok,dashboard:support_staff_dashboard
33,Security Staff,GET,/staff/leave-types,staff,getLeaveTypes,Staff::getLeaveTypes,ok,dashboard:support_staff_dashboard
33,Security Staff,GET,/staff/leave-balance,staff,getLeaveBalance,Staff::getLeaveBalance,ok,dashboard:support_staff_dashboard
33,Security Staff,GET,/staff/leave-requests,staff,getLeaveRequests,Staff::getLeaveRequests,ok,dashboard:support_staff_dashboard
33,Security Staff,GET,/communications/announcement/,communications,getAnnouncement,Communications::getAnnouncement,ok,dashboard:support_staff_dashboard
33,Security Staff,GET,/communications/announcement,communications,getAnnouncement,Communications::getAnnouncement,ok,dashboard:support_staff_dashboard
33,Security Staff,GET,/staff/internal-opportunities,staff,getInternalOpportunities,Staff::getInternalOpportunities,ok,dashboard:support_staff_dashboard
33,Security Staff,GET,/staff/incidents,staff,getIncidentReports,Staff::getIncidentReports,ok,dashboard:support_staff_dashboard
33,Security Staff,GET,/catering/stats,catering,getStats,Catering::getStats,ok,dashboard:support_staff_dashboard
33,Security Staff,GET,/catering/food-stock,catering,getFoodStock,Catering::getFoodStock,ok,dashboard:support_staff_dashboard
33,Security Staff,GET,/boarding/exeats,boarding,getExeats,Boarding::getExeats,ok,dashboard:support_staff_dashboard
33,Security Staff,GET,/maintenance/dashboard-summary,maintenance,getDashboardSummary,Maintenance::getDashboardSummary,ok,dashboard:support_staff_dashboard
33,Security Staff,POST,/staff/leave-requests,staff,createLeaveRequest,Staff::createLeaveRequest,ok,dashboard:support_staff_dashboard
33,Security Staff,POST,/staff/incidents,staff,createIncidentReport,Staff::createIncidentReport,ok,dashboard:support_staff_dashboard
33,Security Staff,POST,/staff/internal-opportunities-apply,staff,applyForInternalOpportunity,Staff::applyForInternalOpportunity,ok,dashboard:support_staff_dashboard
33,Security Staff,GET,/staff/payroll-download-payslip?staff_id=,staff,downloadPayslip,Staff::downloadPayslip,ok,dashboard:support_staff_dashboard
33,Security Staff,GET,/staff/payroll-download-p9?staff_id=&year=,staff,downloadP9,Staff::downloadP9,ok,dashboard:support_staff_dashboard
34,Janitor,GET,/staff/access-context,staff,getAccessContext,Staff::getAccessContext,ok,dashboard:support_staff_dashboard
34,Janitor,GET,/staff/profile-get/,staff,getProfile,Staff::getProfile,ok,dashboard:support_staff_dashboard
34,Janitor,GET,/staff/profile-get,staff,getProfile,Staff::getProfile,ok,dashboard:support_staff_dashboard
34,Janitor,GET,/staff/attendance-get/,staff,getAttendance,Staff::getAttendance,ok,dashboard:support_staff_dashboard
34,Janitor,GET,/staff/attendance-get,staff,getAttendance,Staff::getAttendance,ok,dashboard:support_staff_dashboard
34,Janitor,GET,/staff/payroll-history?staff_id=,staff,getPayrollHistory,Staff::getPayrollHistory,ok,dashboard:support_staff_dashboard
34,Janitor,GET,/staff/leave-types,staff,getLeaveTypes,Staff::getLeaveTypes,ok,dashboard:support_staff_dashboard
34,Janitor,GET,/staff/leave-balance,staff,getLeaveBalance,Staff::getLeaveBalance,ok,dashboard:support_staff_dashboard
34,Janitor,GET,/staff/leave-requests,staff,getLeaveRequests,Staff::getLeaveRequests,ok,dashboard:support_staff_dashboard
34,Janitor,GET,/communications/announcement/,communications,getAnnouncement,Communications::getAnnouncement,ok,dashboard:support_staff_dashboard
34,Janitor,GET,/communications/announcement,communications,getAnnouncement,Communications::getAnnouncement,ok,dashboard:support_staff_dashboard
34,Janitor,GET,/staff/internal-opportunities,staff,getInternalOpportunities,Staff::getInternalOpportunities,ok,dashboard:support_staff_dashboard
34,Janitor,GET,/staff/incidents,staff,getIncidentReports,Staff::getIncidentReports,ok,dashboard:support_staff_dashboard
34,Janitor,GET,/catering/stats,catering,getStats,Catering::getStats,ok,dashboard:support_staff_dashboard
34,Janitor,GET,/catering/food-stock,catering,getFoodStock,Catering::getFoodStock,ok,dashboard:support_staff_dashboard
34,Janitor,GET,/boarding/exeats,boarding,getExeats,Boarding::getExeats,ok,dashboard:support_staff_dashboard
34,Janitor,GET,/maintenance/dashboard-summary,maintenance,getDashboardSummary,Maintenance::getDashboardSummary,ok,dashboard:support_staff_dashboard
34,Janitor,POST,/staff/leave-requests,staff,createLeaveRequest,Staff::createLeaveRequest,ok,dashboard:support_staff_dashboard
34,Janitor,POST,/staff/incidents,staff,createIncidentReport,Staff::createIncidentReport,ok,dashboard:support_staff_dashboard
34,Janitor,POST,/staff/internal-opportunities-apply,staff,applyForInternalOpportunity,Staff::applyForInternalOpportunity,ok,dashboard:support_staff_dashboard
34,Janitor,GET,/staff/payroll-download-payslip?staff_id=,staff,downloadPayslip,Staff::downloadPayslip,ok,dashboard:support_staff_dashboard
34,Janitor,GET,/staff/payroll-download-p9?staff_id=&year=,staff,downloadP9,Staff::downloadP9,ok,dashboard:support_staff_dashboard
63,Deputy Head - Discipline,GET,/dashboard/deputy-discipline/full,dashboard,getDeputyDisciplineFull,Dashboard::getDeputyDisciplineFull,ok,dashboard:deputy_head_discipline_dashboard
63,Deputy Head - Discipline,GET,website/stats,legacy,this.API,Website::this.API,ok,item:100059
63,Deputy Head - Discipline,GET,website/categories,legacy,this.API,Website::this.API,ok,item:100059
63,Deputy Head - Discipline,GET,website/news,legacy,this.API,Website::this.API,ok,item:100059
63,Deputy Head - Discipline,GET,website/news/,legacy,this.API,Website::this.API,ok,item:100059
63,Deputy Head - Discipline,PUT,website/news/,legacy,this.API,Website::this.API,ok,item:100059
63,Deputy Head - Discipline,POST,website/news,legacy,this.API,Website::this.API,ok,item:100059
63,Deputy Head - Discipline,DELETE,website/news/,legacy,this.API,Website::this.API,ok,item:100059
63,Deputy Head - Discipline,GET,website/events,legacy,this.API,Website::this.API,ok,item:100059
63,Deputy Head - Discipline,GET,website/events/,legacy,this.API,Website::this.API,ok,item:100059
63,Deputy Head - Discipline,PUT,website/events/,legacy,this.API,Website::this.API,ok,item:100059
63,Deputy Head - Discipline,POST,website/events,legacy,this.API,Website::this.API,ok,item:100059
63,Deputy Head - Discipline,DELETE,website/events/,legacy,this.API,Website::this.API,ok,item:100059
63,Deputy Head - Discipline,GET,website/gallery,legacy,this.API,Website::this.API,ok,item:100059
63,Deputy Head - Discipline,POST,website/gallery,legacy,this.API,Website::this.API,ok,item:100059
63,Deputy Head - Discipline,DELETE,website/gallery/,legacy,this.API,Website::this.API,ok,item:100059
63,Deputy Head - Discipline,GET,website/downloads,legacy,this.API,Website::this.API,ok,item:100059
63,Deputy Head - Discipline,PUT,website/downloads/,legacy,this.API,Website::this.API,ok,item:100059
63,Deputy Head - Discipline,POST,website/downloads,legacy,this.API,Website::this.API,ok,item:100059
63,Deputy Head - Discipline,DELETE,website/downloads/,legacy,this.API,Website::this.API,ok,item:100059
63,Deputy Head - Discipline,GET,website/jobs,legacy,this.API,Website::this.API,ok,item:100059
63,Deputy Head - Discipline,GET,website/jobs/,legacy,this.API,Website::this.API,ok,item:100059
63,Deputy Head - Discipline,PUT,website/jobs/,legacy,this.API,Website::this.API,ok,item:100059
63,Deputy Head - Discipline,POST,website/jobs,legacy,this.API,Website::this.API,ok,item:100059
63,Deputy Head - Discipline,DELETE,website/jobs/,legacy,this.API,Website::this.API,ok,item:100059
63,Deputy Head - Discipline,GET,website/applications,legacy,this.API,Website::this.API,ok,item:100059
63,Deputy Head - Discipline,GET,website/job-applications,legacy,this.API,Website::this.API,ok,item:100059
63,Deputy Head - Discipline,PUT,website/applications/,legacy,this.API,Website::this.API,ok,item:100059
63,Deputy Head - Discipline,GET,website/inquiries,legacy,this.API,Website::this.API,ok,item:100059
63,Deputy Head - Discipline,PUT,website/inquiries/,legacy,this.API,Website::this.API,ok,item:100059
63,Deputy Head - Discipline,GET,website/content,legacy,this.API,Website::this.API,ok,item:100059
63,Deputy Head - Discipline,PUT,website/content,legacy,this.API,Website::this.API,ok,item:100059
63,Deputy Head - Discipline,POST,website/categories,legacy,this.API,Website::this.API,ok,item:100059
63,Deputy Head - Discipline,DELETE,website/categories/,legacy,this.API,Website::this.API,ok,item:100059
63,Deputy Head - Discipline,GET,website/settings,legacy,this.API,Website::this.API,ok,item:100059
63,Deputy Head - Discipline,PUT,website/settings,legacy,this.API,Website::this.API,ok,item:100059
63,Deputy Head - Discipline,GET,website/,legacy,this.API,,dynamic,item:100059
63,Deputy Head - Discipline,DELETE,website/,legacy,this.API,,dynamic,item:100059
64,Staff,GET,/staff/access-context,staff,getAccessContext,Staff::getAccessContext,ok,dashboard:support_staff_dashboard
64,Staff,GET,/staff/profile-get/,staff,getProfile,Staff::getProfile,ok,dashboard:support_staff_dashboard
64,Staff,GET,/staff/profile-get,staff,getProfile,Staff::getProfile,ok,dashboard:support_staff_dashboard
64,Staff,GET,/staff/attendance-get/,staff,getAttendance,Staff::getAttendance,ok,dashboard:support_staff_dashboard
64,Staff,GET,/staff/attendance-get,staff,getAttendance,Staff::getAttendance,ok,dashboard:support_staff_dashboard
64,Staff,GET,/staff/payroll-history?staff_id=,staff,getPayrollHistory,Staff::getPayrollHistory,ok,dashboard:support_staff_dashboard
64,Staff,GET,/staff/leave-types,staff,getLeaveTypes,Staff::getLeaveTypes,ok,dashboard:support_staff_dashboard
64,Staff,GET,/staff/leave-balance,staff,getLeaveBalance,Staff::getLeaveBalance,ok,dashboard:support_staff_dashboard
64,Staff,GET,/staff/leave-requests,staff,getLeaveRequests,Staff::getLeaveRequests,ok,dashboard:support_staff_dashboard
64,Staff,GET,/communications/announcement/,communications,getAnnouncement,Communications::getAnnouncement,ok,dashboard:support_staff_dashboard
64,Staff,GET,/communications/announcement,communications,getAnnouncement,Communications::getAnnouncement,ok,dashboard:support_staff_dashboard
64,Staff,GET,/staff/internal-opportunities,staff,getInternalOpportunities,Staff::getInternalOpportunities,ok,dashboard:support_staff_dashboard
64,Staff,GET,/staff/incidents,staff,getIncidentReports,Staff::getIncidentReports,ok,dashboard:support_staff_dashboard
64,Staff,GET,/catering/stats,catering,getStats,Catering::getStats,ok,dashboard:support_staff_dashboard
64,Staff,GET,/catering/food-stock,catering,getFoodStock,Catering::getFoodStock,ok,dashboard:support_staff_dashboard
64,Staff,GET,/boarding/exeats,boarding,getExeats,Boarding::getExeats,ok,dashboard:support_staff_dashboard
64,Staff,GET,/maintenance/dashboard-summary,maintenance,getDashboardSummary,Maintenance::getDashboardSummary,ok,dashboard:support_staff_dashboard
64,Staff,POST,/staff/leave-requests,staff,createLeaveRequest,Staff::createLeaveRequest,ok,dashboard:support_staff_dashboard
64,Staff,POST,/staff/incidents,staff,createIncidentReport,Staff::createIncidentReport,ok,dashboard:support_staff_dashboard
64,Staff,POST,/staff/internal-opportunities-apply,staff,applyForInternalOpportunity,Staff::applyForInternalOpportunity,ok,dashboard:support_staff_dashboard
64,Staff,GET,/staff/payroll-download-payslip?staff_id=,staff,downloadPayslip,Staff::downloadPayslip,ok,dashboard:support_staff_dashboard
64,Staff,GET,/staff/payroll-download-p9?staff_id=&year=,staff,downloadP9,Staff::downloadP9,ok,dashboard:support_staff_dashboard
