page,file,controller,roles,sidebar_items,n_api_calls,n_endpoints,n_unresolved,auth_ready,permission_guard,raw_fetch,inner_html,inner_html_interp,escape_html,xss_warn,bootstrap_modals,params_match,fix_task,flags,info_flags
academic_calendar,academic_calendar.php,academic_calendar.js,,,5,5,0,0,0,0,11,1,6,0,2,warn,,,NO_AUTH_GUARD
academic_reports,academic_reports.php,academic_reports.js,,,1,2,1,0,1,0,5,0,0,0,0,na,,,ESCAPED_LITERAL_HTML
academic_students,academic_students.php,,,,0,0,0,0,0,0,0,0,0,0,0,na,,,DELEGATION_STUB;NO_AUTH_GUARD;RENDER_ONLY
academic_years,academic_years.php,academic_years.js,,,8,8,0,0,0,0,8,1,6,0,3,OK,,,NO_AUTH_GUARD
account_settings,account_settings.php,account_settings.js,,,0,8,0,0,0,0,2,0,0,0,2,na,,,NO_AUTH_GUARD;ESCAPED_LITERAL_HTML
account_status,account_status.php,account_status.js,System Administrator,1012;100080,2,2,0,1,0,0,9,0,12,0,1,na,,,ESCAPED_LITERAL_HTML
active_sessions,active_sessions.php,active_sessions.js,System Administrator,1027,2,2,0,1,0,0,4,0,13,0,0,OK,,,ESCAPED_LITERAL_HTML
activities/admin_activities,activities/admin_activities.php,activities.js,,,2,2,0,0,0,0,6,0,30,0,0,na,,,NO_AUTH_GUARD;ESCAPED_LITERAL_HTML
activities/manager_activities,activities/manager_activities.php,activities.js,,,2,2,0,0,0,0,6,0,30,0,0,na,,,NO_AUTH_GUARD;ESCAPED_LITERAL_HTML
activities/operator_activities,activities/operator_activities.php,activities.js,,,2,2,0,0,0,0,6,0,30,0,0,na,,,NO_AUTH_GUARD;ESCAPED_LITERAL_HTML
activities/viewer_activities,activities/viewer_activities.php,activities.js,,,2,2,0,0,0,0,6,0,30,0,0,na,,,NO_AUTH_GUARD;ESCAPED_LITERAL_HTML
activity_audit_logs,activity_audit_logs.php,system/system_admin_console.js,System Administrator,1048;100108,57,57,0,0,0,0,5,0,15,0,1,na,,,NO_AUTH_GUARD;ESCAPED_LITERAL_HTML
add_results,add_results.php,add_results.js,,,7,8,0,0,0,0,6,1,5,0,0,OK,,,NO_AUTH_GUARD
adjustments,adjustments.php,adjustments.js,,,0,4,0,0,1,0,5,1,11,0,2,na,,,
admission_interviews,admission_interviews.php,admission_interviews.js,,,0,0,0,0,0,0,12,3,29,0,3,na,,,NO_AUTH_GUARD
admission_status,admission_status.php,,,,0,0,0,0,0,0,0,0,0,0,0,na,,,DELEGATION_STUB;NO_AUTH_GUARD;RENDER_ONLY
admissions/admin_admissions,admissions/admin_admissions.php,,,,0,0,0,0,0,0,0,0,0,0,0,na,,,DELEGATION_STUB;NO_AUTH_GUARD;RENDER_ONLY
admissions/admissions_base,admissions/admissions_base.php,admissions.js,,,18,18,0,1,0,0,24,0,0,0,12,OK,,,TEMPLATE_FRAGMENT;ESCAPED_LITERAL_HTML
admissions/director_admissions,admissions/director_admissions.php,,,,0,0,0,0,0,0,0,0,0,0,0,na,,,DELEGATION_STUB;NO_AUTH_GUARD;RENDER_ONLY
admissions/enrollment_confirmations,admissions/enrollment_confirmations.php,,,,0,0,0,0,0,0,0,0,0,0,0,na,,,DELEGATION_STUB;NO_AUTH_GUARD;RENDER_ONLY
admissions/manager_admissions,admissions/manager_admissions.php,,,,0,0,0,0,0,0,0,0,0,0,0,na,,,DELEGATION_STUB;NO_AUTH_GUARD;RENDER_ONLY
admissions/operator_admissions,admissions/operator_admissions.php,,,,0,0,0,0,0,0,0,0,0,0,0,na,,,DELEGATION_STUB;NO_AUTH_GUARD;RENDER_ONLY
admissions/viewer_admissions,admissions/viewer_admissions.php,,,,0,0,0,0,0,0,0,0,0,0,0,na,,,DELEGATION_STUB;NO_AUTH_GUARD;RENDER_ONLY
admissions_academic_applications,admissions_academic_applications.php,admissions_academic_applications.js,,,0,4,0,0,0,0,11,0,0,0,3,na,,,NO_AUTH_GUARD;ESCAPED_LITERAL_HTML
admissions_admission_decisions,admissions_admission_decisions.php,admissions_admission_decisions.js,,,2,5,0,0,0,0,11,0,0,0,3,OK,,,NO_AUTH_GUARD;ESCAPED_LITERAL_HTML
admissions_class_placement,admissions_class_placement.php,admissions_class_placement.js,,,0,0,0,0,0,0,19,1,9,0,2,na,,,NO_AUTH_GUARD
admissions_headteacher_applications,admissions_headteacher_applications.php,admissions_headteacher_applications.js,,,2,5,0,0,0,0,9,0,0,0,3,OK,,,NO_AUTH_GUARD;ESCAPED_LITERAL_HTML
admissions_pending_admission_approvals,admissions_pending_admission_approvals.php,admissions_pending_admission_approvals.js,,,2,5,0,0,0,0,11,0,0,0,3,OK,,,NO_AUTH_GUARD;ESCAPED_LITERAL_HTML
all_discipline_cases,all_discipline_cases.php,,,,0,0,0,0,0,0,0,0,0,0,0,na,,,DELEGATION_STUB;NO_AUTH_GUARD;RENDER_ONLY
all_lesson_plans,all_lesson_plans.php,all_lesson_plans.js,,,5,6,0,0,0,0,5,0,0,0,3,na,,,NO_AUTH_GUARD;ESCAPED_LITERAL_HTML
all_parents,all_parents.php,all_parents.js,,,4,4,0,0,0,0,7,1,14,0,3,OK,,,NO_AUTH_GUARD
all_staff,all_staff.php,all_staff.js,,,4,7,0,0,0,0,6,1,31,0,0,na,,,NO_AUTH_GUARD
all_students,all_students.php,,,,0,0,0,0,0,0,0,0,0,0,0,na,,,DELEGATION_STUB;NO_AUTH_GUARD;RENDER_ONLY
all_teachers,all_teachers.php,all_teachers.js,,,1,1,0,1,0,0,7,1,40,0,1,na,,,
alumni_management,alumni_management.php,alumni_management.js,,,0,3,0,0,0,0,8,1,28,0,2,na,,,NO_AUTH_GUARD
api_explorer,api_explorer.php,system/system_admin_console.js,System Administrator,1044;100112,57,57,0,0,0,0,5,0,15,0,1,na,,,NO_AUTH_GUARD;ESCAPED_LITERAL_HTML
api_metrics,api_metrics.php,system/system_admin_console.js,System Administrator,1033;100103,57,57,0,0,0,0,5,0,15,0,1,na,,,NO_AUTH_GUARD;ESCAPED_LITERAL_HTML
assemblies,assemblies.php,assemblies.js,,,4,4,0,0,0,0,4,0,4,0,3,OK,,,NO_AUTH_GUARD;ESCAPED_LITERAL_HTML
assessment_overview,assessment_overview.php,assessment_overview.js,System Administrator,100116,0,11,0,0,0,0,24,3,20,0,2,na,,,NO_AUTH_GUARD
assessment_rubrics,assessment_rubrics.php,assessment_rubrics.js,,,0,5,0,0,0,0,6,0,11,0,4,na,,,NO_AUTH_GUARD;ESCAPED_LITERAL_HTML
assessments_exams,assessments_exams.php,assessments_exams.js,,,0,0,0,0,0,0,31,6,35,0,6,na,,,NO_AUTH_GUARD
asset_purchases,asset_purchases.php,asset_purchases.js,,,0,5,0,0,0,0,9,1,14,0,2,na,,,NO_AUTH_GUARD
assign_class_teachers,assign_class_teachers.php,staff_access.js,,,1,1,0,1,0,0,1,0,2,0,0,na,,,ESCAPED_LITERAL_HTML
assign_subjects_to_teachers,assign_subjects_to_teachers.php,staff_access.js,,,1,1,0,1,0,0,1,0,2,0,0,na,,,ESCAPED_LITERAL_HTML
at_risk_students,at_risk_students.php,at_risk_students.js,,,0,3,0,0,0,0,4,1,11,0,0,na,,,NO_AUTH_GUARD
attendance_reports,attendance_reports.php,attendance_reports.js,,,0,4,0,0,0,0,7,0,4,0,0,na,,,NO_AUTH_GUARD;ESCAPED_LITERAL_HTML
attendance_trends,attendance_trends.php,attendance_trends.js,,,0,1,0,0,0,0,2,0,3,0,0,na,,,NO_AUTH_GUARD;ESCAPED_LITERAL_HTML
audit_logs,audit_logs.php,audit_logs.js,,,0,1,0,0,0,0,4,1,8,0,0,na,,,NO_AUTH_GUARD
authentication_logs,authentication_logs.php,authentication_logs.js,System Administrator,1025,1,1,0,1,0,0,4,0,12,0,0,OK,,,ESCAPED_LITERAL_HTML
background_jobs,background_jobs.php,system/system_admin_console.js,System Administrator,1032;100102,57,57,0,0,0,0,5,0,15,0,1,na,,,NO_AUTH_GUARD;ESCAPED_LITERAL_HTML
backups,backups.php,system/system_admin_console.js,System Administrator,1041;100106,57,57,0,0,0,0,5,0,15,0,1,na,,,NO_AUTH_GUARD;ESCAPED_LITERAL_HTML
balances_by_class,balances_by_class.php,balances_by_class.js,,,4,4,0,0,0,0,14,1,3,0,1,OK,,,NO_AUTH_GUARD
bank_accounts,bank_accounts.php,bank_accounts.js,,,0,1,0,1,0,0,7,0,3,0,3,na,,,ESCAPED_LITERAL_HTML
bank_transactions,bank_transactions.php,bank_transactions.js,,,0,2,0,1,0,0,7,0,4,0,2,na,,,ESCAPED_LITERAL_HTML
behavior_logs,behavior_logs.php,,,,0,0,0,0,0,0,0,0,0,0,0,na,,,DELEGATION_STUB;NO_AUTH_GUARD;RENDER_ONLY
boarding/admin_boarding,boarding/admin_boarding.php,,,,0,0,0,0,0,0,0,0,0,0,0,na,,,TEMPLATE_FRAGMENT;NO_AUTH_GUARD;RENDER_ONLY
boarding/manager_boarding,boarding/manager_boarding.php,,,,0,0,0,0,0,0,0,0,0,0,0,na,,,TEMPLATE_FRAGMENT;NO_AUTH_GUARD;RENDER_ONLY
boarding/operator_boarding,boarding/operator_boarding.php,,,,0,0,0,0,0,0,0,0,0,0,0,na,,,TEMPLATE_FRAGMENT;NO_AUTH_GUARD;RENDER_ONLY
boarding/viewer_boarding,boarding/viewer_boarding.php,,,,0,0,0,0,0,0,0,0,0,0,0,na,,,TEMPLATE_FRAGMENT;NO_AUTH_GUARD;RENDER_ONLY
boarding_roll_call,boarding_roll_call.php,boarding_roll_call.js,,,6,6,0,0,0,0,9,0,13,0,0,OK,,,NO_AUTH_GUARD;ESCAPED_LITERAL_HTML
boarding_students,boarding_students.php,boarding_students.js,,,0,0,0,0,0,0,9,2,37,0,9,na,,,NO_AUTH_GUARD
budget_overview,budget_overview.php,budget_overview.js,,,4,4,0,0,0,0,5,0,11,0,2,OK,,,NO_AUTH_GUARD;ESCAPED_LITERAL_HTML
cash_reconciliation,cash_reconciliation.php,cash_reconciliation.js,,,0,5,0,0,0,0,11,2,12,0,1,na,,,NO_AUTH_GUARD
catering_boarding_students,catering_boarding_students.php,catering_boarding_students.js,,,0,0,0,0,0,0,12,1,33,0,3,na,,,NO_AUTH_GUARD
cbc_curriculum,cbc_curriculum.php,cbc_curriculum.js,,,0,1,0,0,0,0,19,0,31,0,8,na,,,NO_AUTH_GUARD;ESCAPED_LITERAL_HTML
chapel_services,chapel_services.php,chapel_services.js,,,1,1,0,0,0,0,4,1,3,0,6,warn,,,NO_AUTH_GUARD
chronic_absenteeism,chronic_absenteeism.php,chronic_absenteeism.js,,,0,1,0,0,0,0,1,0,5,0,0,na,,,NO_AUTH_GUARD;ESCAPED_LITERAL_HTML
class_attendance_history,class_attendance_history.php,,,,0,0,0,0,0,0,0,0,0,0,0,na,,,DELEGATION_STUB;NO_AUTH_GUARD;RENDER_ONLY
class_capacity,class_capacity.php,class_capacity.js,,,1,1,0,0,0,0,2,0,3,0,0,na,,,NO_AUTH_GUARD;ESCAPED_LITERAL_HTML
class_conduct_grades,class_conduct_grades.php,class_conduct_grades.js,,,0,1,0,0,0,0,1,0,5,0,0,na,,,NO_AUTH_GUARD;ESCAPED_LITERAL_HTML
class_parent_contacts,class_parent_contacts.php,class_parent_contacts.js,,,0,1,0,0,0,0,1,0,9,0,0,na,,,NO_AUTH_GUARD;ESCAPED_LITERAL_HTML
class_report_cards,class_report_cards.php,class_report_cards.js,,,0,5,0,0,0,0,7,0,0,0,0,na,,,NO_AUTH_GUARD;ESCAPED_LITERAL_HTML
class_results,class_results.php,class_results.js,,,0,5,0,0,0,0,7,0,0,0,0,na,,,NO_AUTH_GUARD;ESCAPED_LITERAL_HTML
class_streams,class_streams.php,class_streams.js,,,6,6,0,0,1,0,5,0,8,0,3,na,,,ESCAPED_LITERAL_HTML
clubs_societies,clubs_societies.php,clubs_societies.js,,,7,7,0,0,0,0,5,0,14,0,3,OK,,,NO_AUTH_GUARD;ESCAPED_LITERAL_HTML
communications/admin_communications,communications/admin_communications.php,,,,0,0,0,0,0,0,0,0,0,0,0,na,,,TEMPLATE_FRAGMENT;NO_AUTH_GUARD;RENDER_ONLY
communications/manager_communications,communications/manager_communications.php,,,,0,0,0,0,0,0,0,0,0,0,0,na,,,TEMPLATE_FRAGMENT;NO_AUTH_GUARD;RENDER_ONLY
communications/operator_communications,communications/operator_communications.php,,,,0,0,0,0,0,0,0,0,0,0,0,na,,,TEMPLATE_FRAGMENT;NO_AUTH_GUARD;RENDER_ONLY
communications/viewer_communications,communications/viewer_communications.php,,,,0,0,0,0,0,0,0,0,0,0,0,na,,,TEMPLATE_FRAGMENT;NO_AUTH_GUARD;RENDER_ONLY
comparative_reports,comparative_reports.php,comparative_reports.js,,,2,2,0,0,1,0,3,0,2,0,0,na,,,ESCAPED_LITERAL_HTML
competencies_sheet,competencies_sheet.php,competencies_sheet.js,,,0,5,0,0,0,0,8,1,7,0,0,na,,,NO_AUTH_GUARD
competency_checklist,competency_checklist.php,competency_checklist.js,,,0,2,0,1,0,0,1,0,0,0,0,na,,,ESCAPED_LITERAL_HTML
competitions,competitions.php,competitions.js,,,3,3,0,0,0,0,4,0,6,0,3,na,,,NO_AUTH_GUARD;ESCAPED_LITERAL_HTML
complete_staff_profile,complete_staff_profile.php,complete_staff_profile.js,,,2,2,0,1,0,0,5,0,8,0,0,na,,,ESCAPED_LITERAL_HTML
conduct_grades,conduct_grades.php,,,,0,0,0,0,0,0,0,0,0,0,0,na,,,DELEGATION_STUB;NO_AUTH_GUARD;RENDER_ONLY
conduct_reports,conduct_reports.php,conduct_reports.js,,,4,5,0,0,0,0,11,1,9,0,2,na,,,TEMPLATE_FRAGMENT;NO_AUTH_GUARD
counseling_records,counseling_records.php,counseling_records.js,,,3,3,0,0,0,0,6,1,10,0,1,na,,,NO_AUTH_GUARD
counseling_referrals,counseling_referrals.php,,,,0,0,0,0,0,0,0,0,0,0,0,na,,,DELEGATION_STUB;NO_AUTH_GUARD;RENDER_ONLY
create_assessment,create_assessment.php,create_assessment.js,,,0,6,0,0,0,0,7,0,0,0,0,na,,,NO_AUTH_GUARD;ESCAPED_LITERAL_HTML
create_subject_cat,create_subject_cat.php,create_subject_cat.js,,,0,5,0,0,0,0,5,0,0,0,0,na,,,NO_AUTH_GUARD;ESCAPED_LITERAL_HTML
curriculum_cbc,curriculum_cbc.php,curriculum_cbc.js,,,0,5,0,0,0,0,3,0,0,0,2,na,,,NO_AUTH_GUARD;ESCAPED_LITERAL_HTML
daily_attendance,daily_attendance.php,,,,0,0,0,0,0,0,0,0,0,0,0,na,,,DELEGATION_STUB;NO_AUTH_GUARD;RENDER_ONLY
dashboard,dashboard.php,dashboard.js,,,0,0,0,1,0,0,0,0,0,0,0,na,,,RENDER_ONLY
dashboard_registry,dashboard_registry.php,system/system_admin_console.js,System Administrator,1018,57,57,0,0,0,0,5,0,15,0,1,na,,,NO_AUTH_GUARD;ESCAPED_LITERAL_HTML
data_import,data_import.php,data_import.js,,,0,4,0,0,0,0,17,4,16,0,1,na,,,NO_AUTH_GUARD
data_retention,data_retention.php,system/system_admin_console.js,System Administrator,1042;1043;100107,57,57,0,0,0,0,5,0,15,0,1,na,,,NO_AUTH_GUARD;ESCAPED_LITERAL_HTML
depreciation,depreciation.php,depreciation.js,,,0,2,0,0,0,0,6,0,6,0,0,na,,,NO_AUTH_GUARD;ESCAPED_LITERAL_HTML
detailed_payslip,detailed_payslip.php,detailed_payslip.js,,,3,3,0,0,0,0,10,0,0,0,1,OK,,,NO_AUTH_GUARD;ESCAPED_LITERAL_HTML
development_progress,development_progress.php,development_progress.js,,,0,2,0,1,0,0,1,0,0,0,0,na,,,ESCAPED_LITERAL_HTML
discipline/admin_discipline,discipline/admin_discipline.php,discipline.js,,,6,7,0,0,0,0,14,0,33,0,5,OK,,,NO_AUTH_GUARD;ESCAPED_LITERAL_HTML
discipline/manager_discipline,discipline/manager_discipline.php,discipline.js,,,6,7,0,0,0,0,14,0,33,0,5,OK,,,NO_AUTH_GUARD;ESCAPED_LITERAL_HTML
discipline/operator_discipline,discipline/operator_discipline.php,discipline.js,,,6,7,0,0,0,0,14,0,33,0,5,OK,,,NO_AUTH_GUARD;ESCAPED_LITERAL_HTML
discipline/viewer_discipline,discipline/viewer_discipline.php,discipline.js,,,6,7,0,0,0,0,14,0,33,0,5,OK,,,NO_AUTH_GUARD;ESCAPED_LITERAL_HTML
discipline_cases,discipline_cases.php,discipline_cases.js,,,0,0,0,0,1,0,5,3,15,0,1,na,,,TEMPLATE_FRAGMENT
discipline_students,discipline_students.php,,,,0,0,0,0,0,0,0,0,0,0,0,na,,,DELEGATION_STUB;NO_AUTH_GUARD;RENDER_ONLY
domain_isolation_rules,domain_isolation_rules.php,system/system_admin_console.js,System Administrator,1021;100089,57,57,0,0,0,0,5,0,15,0,1,na,,,NO_AUTH_GUARD;ESCAPED_LITERAL_HTML
dormitory_management,dormitory_management.php,dormitory_management.js,,,0,1,1,0,0,0,6,1,9,0,3,na,,,NO_AUTH_GUARD
enrollment_reports,enrollment_reports.php,enrollment_reports.js,,,0,0,0,0,0,0,4,0,0,0,0,na,,,NO_AUTH_GUARD;ESCAPED_LITERAL_HTML
enrollment_trends,enrollment_trends.php,enrollment_trends.js,,,2,2,0,0,0,0,2,0,2,0,0,na,,,NO_AUTH_GUARD;ESCAPED_LITERAL_HTML
enter_exam_results,enter_exam_results.php,enter_exam_results.js,,,0,9,0,0,0,0,9,0,0,0,0,na,,,NO_AUTH_GUARD;ESCAPED_LITERAL_HTML
enter_marks,enter_marks.php,enter_marks.js,,,0,7,0,0,0,0,8,0,0,0,0,na,,,NO_AUTH_GUARD;ESCAPED_LITERAL_HTML
enter_results,enter_results.php,enter_results.js,,,5,6,0,0,0,0,9,0,6,0,1,warn,,,NO_AUTH_GUARD;ESCAPED_LITERAL_HTML
error_logs,error_logs.php,system/system_admin_console.js,System Administrator,1031;100101,57,57,0,0,0,0,5,0,15,0,1,na,,,NO_AUTH_GUARD;ESCAPED_LITERAL_HTML
exam_moderation,exam_moderation.php,exam_moderation.js,,,0,1,0,0,0,0,7,0,9,0,2,na,,,NO_AUTH_GUARD;ESCAPED_LITERAL_HTML
exam_schedule,exam_schedule.php,exam_schedule.js,,,1,6,0,0,1,0,3,0,9,0,2,na,,,ESCAPED_LITERAL_HTML
exam_setup,exam_setup.php,exam_setup.js,,,0,0,0,0,1,0,20,0,0,0,2,na,,,ESCAPED_LITERAL_HTML
exception_reports,exception_reports.php,exception_reports.js,,,0,3,0,0,0,0,4,0,7,0,0,na,,,NO_AUTH_GUARD;ESCAPED_LITERAL_HTML
failed_login_attempts,failed_login_attempts.php,failed_login_attempts.js,System Administrator,1026,1,1,0,1,0,0,4,0,14,0,0,OK,,,ESCAPED_LITERAL_HTML
feature_flags,feature_flags.php,system/system_admin_console.js,System Administrator,1036;100094,57,57,0,0,0,0,5,0,15,0,1,na,,,NO_AUTH_GUARD;ESCAPED_LITERAL_HTML
fee_defaulters,fee_defaulters.php,fee_defaulters.js,,,4,4,0,0,0,0,5,1,5,0,0,OK,,,NO_AUTH_GUARD
fee_structure/accountant_fee_structure,fee_structure/accountant_fee_structure.php,fee_structure_accountant.js,,,8,11,0,1,0,0,22,0,9,0,2,OK,,,TEMPLATE_FRAGMENT;ESCAPED_LITERAL_HTML
fee_structure/admin_fee_structure,fee_structure/admin_fee_structure.php,fee_structure_admin.js,,,12,15,0,1,0,0,21,1,10,0,2,OK,,,TEMPLATE_FRAGMENT
fee_structure/viewer_fee_structure,fee_structure/viewer_fee_structure.php,fee_structure_viewer.js,,,4,5,0,1,0,0,9,0,0,0,2,na,,,TEMPLATE_FRAGMENT;ESCAPED_LITERAL_HTML
finance/admin_finance,finance/admin_finance.php,finance.js,,,32,31,0,1,0,0,18,1,11,0,0,OK,,,
finance/manager_finance,finance/manager_finance.php,finance.js,,,32,31,0,1,0,0,18,1,11,0,0,OK,,,
finance/operator_finance,finance/operator_finance.php,finance.js,,,32,31,0,1,0,0,18,1,11,0,0,OK,,,
finance/viewer_finance,finance/viewer_finance.php,finance.js,,,32,31,0,1,0,0,18,1,11,0,0,OK,,,
finance_approvals,finance_approvals.php,finance_approvals.js,,,8,8,0,0,0,0,8,1,7,0,2,OK,,,NO_AUTH_GUARD
finance_reports,finance_reports.php,finance_reports.js,,,1,5,0,0,0,0,12,3,16,0,0,na,,,NO_AUTH_GUARD
food_store,food_store.php,food_store.js,,,5,5,0,0,0,0,8,1,10,0,4,OK,,,NO_AUTH_GUARD
formative_assessments,formative_assessments.php,formative_assessments.js,,,0,11,0,0,0,0,31,8,24,0,2,na,,,NO_AUTH_GUARD
generate_class_report,generate_class_report.php,generate_class_report.js,,,0,4,0,0,0,0,4,0,0,0,0,na,,,NO_AUTH_GUARD;ESCAPED_LITERAL_HTML
generate_subject_report,generate_subject_report.php,generate_subject_report.js,,,0,4,0,0,0,0,4,0,0,0,0,na,,,NO_AUTH_GUARD;ESCAPED_LITERAL_HTML
grade_entry,grade_entry.php,grade_entry.js,,,0,9,0,0,0,0,9,0,0,0,0,na,,,NO_AUTH_GUARD;ESCAPED_LITERAL_HTML
grading_scales,grading_scales.php,grading_scales.js,,,0,5,1,0,0,0,6,0,8,0,4,na,,,NO_AUTH_GUARD;ESCAPED_LITERAL_HTML
grading_status,grading_status.php,grading_status.js,,,1,2,0,0,0,0,3,0,4,0,0,na,,,NO_AUTH_GUARD;ESCAPED_LITERAL_HTML
import_existing_staff,import_existing_staff.php,import_existing_staff.js,,,8,8,0,1,0,0,5,0,16,0,0,na,,,ESCAPED_LITERAL_HTML
import_existing_students,import_existing_students.php,import_existing_students.js,,,0,1,0,0,0,0,2,0,3,0,0,na,,,NO_AUTH_GUARD;ESCAPED_LITERAL_HTML
improvement_areas,improvement_areas.php,improvement_areas.js,,,0,1,0,0,0,0,1,0,0,0,0,na,,,NO_AUTH_GUARD;ESCAPED_LITERAL_HTML
intern_assigned_classes,intern_assigned_classes.php,intern_assigned_classes.js,,,2,2,0,0,0,0,4,1,5,0,0,na,,,NO_AUTH_GUARD
intern_assigned_subjects,intern_assigned_subjects.php,intern_assigned_subjects.js,,,2,2,0,0,0,0,4,1,4,0,0,na,,,NO_AUTH_GUARD
intern_schedule,intern_schedule.php,intern_schedule.js,,,0,1,0,0,0,0,1,0,0,0,0,na,,,NO_AUTH_GUARD;ESCAPED_LITERAL_HTML
intervention_plans,intervention_plans.php,intervention_plans.js,,,0,6,0,0,0,0,7,1,19,0,2,na,,,NO_AUTH_GUARD
inventory_expenses,inventory_expenses.php,,,,0,0,0,0,0,0,0,0,0,0,0,na,,,DELEGATION_STUB;NO_AUTH_GUARD;RENDER_ONLY
ip_whitelist_blacklist,ip_whitelist_blacklist.php,ip_whitelist_blacklist.js,System Administrator,1029,4,4,0,1,0,0,5,0,9,0,0,OK,,,ESCAPED_LITERAL_HTML
job_inspector,job_inspector.php,system/system_admin_console.js,System Administrator,1046;100115,57,57,0,0,0,0,5,0,15,0,1,na,,,NO_AUTH_GUARD;ESCAPED_LITERAL_HTML
late_arrivals,late_arrivals.php,,,,0,0,0,0,0,0,0,0,0,0,0,na,,,DELEGATION_STUB;NO_AUTH_GUARD;RENDER_ONLY
learning_areas,learning_areas.php,learning_areas.js,,,9,10,0,0,0,0,16,2,20,0,3,OK,,,NO_AUTH_GUARD
learning_goals,learning_goals.php,learning_goals.js,,,0,4,0,0,0,0,1,0,0,0,2,na,,,NO_AUTH_GUARD;ESCAPED_LITERAL_HTML
lesson_plan_approval,lesson_plan_approval.php,lesson_plan_approval.js,,,4,5,0,0,0,0,4,0,0,0,2,na,,,NO_AUTH_GUARD;ESCAPED_LITERAL_HTML
lesson_plans_by_class,lesson_plans_by_class.php,lesson_plans_by_class.js,,,2,2,0,0,0,0,4,0,0,0,1,na,,,NO_AUTH_GUARD;ESCAPED_LITERAL_HTML
lesson_plans_by_teacher,lesson_plans_by_teacher.php,lesson_plans_by_teacher.js,,,0,1,1,0,0,0,3,0,0,0,0,na,,,NO_AUTH_GUARD;ESCAPED_LITERAL_HTML
library/admin_library,library/admin_library.php,manage_library.js,,,0,13,0,0,1,0,26,7,27,0,7,na,,,TEMPLATE_FRAGMENT
library/viewer_library,library/viewer_library.php,manage_library.js,,,0,13,0,0,1,0,26,7,27,0,7,na,,,TEMPLATE_FRAGMENT
log_discipline_case,log_discipline_case.php,,,,0,0,0,0,0,0,0,0,0,0,0,na,,,DELEGATION_STUB;NO_AUTH_GUARD;RENDER_ONLY
log_discipline_incident,log_discipline_incident.php,,,,0,0,0,0,0,0,0,0,0,0,0,na,,,DELEGATION_STUB;NO_AUTH_GUARD;RENDER_ONLY
maintenance_mode,maintenance_mode.php,system/system_admin_console.js,System Administrator,1038;100096,57,57,0,0,0,0,5,0,15,0,1,na,,,NO_AUTH_GUARD;ESCAPED_LITERAL_HTML
manage_academics,manage_academics.php,academicsManager.js,,,33,34,0,0,0,0,33,0,0,0,26,OK,,,NO_AUTH_GUARD;ESCAPED_LITERAL_HTML
manage_activities,manage_activities.php,manage_activities.js,,,22,22,0,0,0,0,24,6,23,0,14,OK,,,NO_AUTH_GUARD
manage_announcements,manage_announcements.php,announcements.js,,,0,3,0,0,0,0,5,0,5,0,1,na,,,NO_AUTH_GUARD;ESCAPED_LITERAL_HTML
manage_boarding,manage_boarding.php,boarding.js,,,0,14,0,0,0,0,22,0,28,0,9,na,,,NO_AUTH_GUARD;ESCAPED_LITERAL_HTML
manage_calendar_events,manage_calendar_events.php,manage_calendar_events.js,,,4,5,0,0,0,0,4,0,4,0,3,na,,,NO_AUTH_GUARD;ESCAPED_LITERAL_HTML
manage_classes,manage_classes.php,academics.js,,,11,19,0,1,0,0,36,2,30,0,10,OK,,,
manage_communications,manage_communications.php,communications.js,,,13,18,0,1,0,0,3,0,0,0,1,OK,,,TEMPLATE_FRAGMENT;ESCAPED_LITERAL_HTML
manage_email,manage_email.php,manage_email.js,,,7,9,0,0,0,0,9,0,5,0,1,OK,,,NO_AUTH_GUARD;ESCAPED_LITERAL_HTML
manage_expenses,manage_expenses.php,expenses.js,,,0,5,0,0,1,0,10,0,6,0,2,na,,,ESCAPED_LITERAL_HTML
manage_family_groups,manage_family_groups.php,family_groups.js,,,0,0,0,0,0,0,4,1,17,0,1,na,,,NO_AUTH_GUARD
manage_fee_structure,manage_fee_structure.php,fee_structure.js,,,0,0,0,1,0,0,0,0,0,0,0,na,,,RENDER_ONLY
manage_finance,manage_finance.php,finance.js,,,32,31,0,1,0,0,18,1,11,0,0,OK,,,
manage_inventory,manage_inventory.php,manage_inventory.js,,,9,9,0,0,0,0,7,0,12,0,5,warn,,,TEMPLATE_FRAGMENT;NO_AUTH_GUARD;ESCAPED_LITERAL_HTML
manage_lesson_plans,manage_lesson_plans.php,manage_lesson_plans.js,,,11,11,0,0,0,0,7,0,0,0,3,OK,,,NO_AUTH_GUARD;ESCAPED_LITERAL_HTML
manage_library,manage_library.php,manage_library.js,,,0,13,0,0,1,0,26,7,27,0,7,na,,,
manage_menus,manage_menus.php,,,,0,0,0,0,0,0,0,0,0,0,0,na,,,DELEGATION_STUB;NO_AUTH_GUARD;RENDER_ONLY
manage_payments,manage_payments.php,manage_payments.js,,,2,5,0,0,0,0,9,0,7,0,1,OK,,,NO_AUTH_GUARD;ESCAPED_LITERAL_HTML
manage_payrolls,manage_payrolls.php,payroll_manager.js,,,10,10,0,1,0,0,12,0,16,0,7,OK,,,ESCAPED_LITERAL_HTML
manage_requisitions,manage_requisitions.php,requisitions.js,,,0,3,0,0,1,0,7,1,6,0,1,na,,,
manage_roles,manage_roles.php,manage_roles.js,System Administrator,1013;100081,6,6,0,1,0,0,5,0,5,0,1,OK,,,ESCAPED_LITERAL_HTML
manage_sms,manage_sms.php,manage_sms.js,,,7,9,0,0,0,0,9,0,5,0,1,OK,,,NO_AUTH_GUARD;ESCAPED_LITERAL_HTML
manage_staff,manage_staff.php,staff_access.js,,,1,1,0,1,0,0,1,0,2,0,0,na,,,ESCAPED_LITERAL_HTML
manage_staff_children,manage_staff_children.php,staff_children.js,,,8,8,0,0,0,0,12,1,17,0,4,OK,,,NO_AUTH_GUARD
manage_stock,manage_stock.php,stock.js,,,0,3,0,0,0,0,7,1,9,0,1,na,,,NO_AUTH_GUARD
manage_students,manage_students.php,,,,0,0,0,0,0,0,0,0,0,0,0,na,,,DELEGATION_STUB;NO_AUTH_GUARD;RENDER_ONLY
manage_students_admissions,manage_students_admissions.php,admissions_workspace.js,,,0,0,0,0,0,0,21,0,60,0,2,na,,,TEMPLATE_FRAGMENT;NO_AUTH_GUARD;ESCAPED_LITERAL_HTML
manage_subjects,manage_subjects.php,manage_subjects.js,,,10,11,0,0,0,0,8,1,6,0,6,na,,,NO_AUTH_GUARD
manage_teachers,manage_teachers.php,manage_teachers.js,,,2,9,0,0,0,0,17,1,15,0,7,na,,,NO_AUTH_GUARD
manage_terms,manage_terms.php,manage_terms.js,,,1,2,0,0,0,0,4,0,3,0,3,na,,,NO_AUTH_GUARD;ESCAPED_LITERAL_HTML
manage_timetable,manage_timetable.php,manage_timetable.js,,,13,15,0,0,1,0,10,0,0,0,6,OK,,,ESCAPED_LITERAL_HTML
manage_transport,manage_transport.php,transport.js,,,17,18,0,1,0,0,4,0,0,0,0,OK,,,ESCAPED_LITERAL_HTML
manage_uniform_sales,manage_uniform_sales.php,uniform_sales.js,,,11,14,0,0,0,0,41,0,0,0,5,na,,,NO_AUTH_GUARD;ESCAPED_LITERAL_HTML
manage_users,manage_users.php,manage_users.js,System Administrator,1011;100079,5,5,0,1,0,0,9,0,15,0,1,warn,,,ESCAPED_LITERAL_HTML
manage_website,manage_website.php,manage_website.js,System Administrator;Director;School Administrator;Headteacher;Deputy Head - Academic;Deputy Head - Discipline;Talent Development,100039;100040;100041;100042;100043;100044;100045;100046;100047;100048;100049;100050;100051;100052;100053;100054;100055;100056;100057;100058;100059;100060;100061;100062;100063;100064;100065,0,37,2,1,1,0,47,12,68,0,11,na,,,
manage_whatsapp,manage_whatsapp.php,manage_whatsapp.js,System Administrator,100117,7,9,0,0,0,0,9,0,5,0,1,OK,,,NO_AUTH_GUARD;ESCAPED_LITERAL_HTML
mark_attendance,mark_attendance.php,mark_attendance.js,,,0,0,0,0,0,0,3,1,16,0,3,na,,,NO_AUTH_GUARD
mentor_meetings,mentor_meetings.php,mentor_meetings.js,,,0,3,0,0,0,0,3,0,0,0,2,na,,,NO_AUTH_GUARD;ESCAPED_LITERAL_HTML
mentor_notes,mentor_notes.php,mentor_notes.js,,,0,1,0,0,0,0,2,0,0,0,0,na,,,NO_AUTH_GUARD;ESCAPED_LITERAL_HTML
menu_planning,menu_planning.php,menu_planning.js,,,0,0,0,0,0,0,9,3,3,0,2,na,,,TEMPLATE_FRAGMENT;NO_AUTH_GUARD
migrations,migrations.php,system/system_admin_console.js,System Administrator,1039;1040;100105,57,57,0,0,0,0,5,0,15,0,1,na,,,NO_AUTH_GUARD;ESCAPED_LITERAL_HTML
module_enablement,module_enablement.php,system/system_admin_console.js,System Administrator,1037;100095,57,57,0,0,0,0,5,0,15,0,1,na,,,NO_AUTH_GUARD;ESCAPED_LITERAL_HTML
monthly_discipline_report,monthly_discipline_report.php,,,,0,0,0,0,0,0,0,0,0,0,0,na,,,DELEGATION_STUB;NO_AUTH_GUARD;RENDER_ONLY
mpesa_reconciliation,mpesa_reconciliation.php,mpesa_reconciliation.js,,,0,3,0,0,0,0,11,2,14,0,2,na,,,NO_AUTH_GUARD
mpesa_settlements,mpesa_settlements.php,mpesa_settlements.js,,,1,1,0,1,0,0,5,0,5,0,1,na,,,ESCAPED_LITERAL_HTML
my_attendance,my_attendance.php,staff_access.js,,,1,1,0,1,0,0,1,0,2,0,0,na,,,ESCAPED_LITERAL_HTML
my_cats,my_cats.php,my_cats.js,,,0,6,0,0,0,0,8,0,6,0,2,na,,,NO_AUTH_GUARD;ESCAPED_LITERAL_HTML
my_classes_taught,my_classes_taught.php,my_classes_taught.js,,,2,2,0,0,0,0,4,1,5,0,0,na,,,NO_AUTH_GUARD
my_mentor,my_mentor.php,my_mentor.js,,,0,1,0,0,0,0,2,0,0,0,0,na,,,NO_AUTH_GUARD;ESCAPED_LITERAL_HTML
my_routes,my_routes.php,my_routes.js,,,4,7,0,0,0,0,7,0,20,0,2,OK,,,NO_AUTH_GUARD;ESCAPED_LITERAL_HTML
my_schemes_of_work,my_schemes_of_work.php,my_schemes_of_work.js,,,2,2,0,0,0,0,4,1,4,0,0,na,,,NO_AUTH_GUARD
my_students_list,my_students_list.php,,,,0,0,0,0,0,0,0,0,0,0,0,na,,,DELEGATION_STUB;NO_AUTH_GUARD;RENDER_ONLY
my_students_performance,my_students_performance.php,my_students_performance.js,,,0,4,0,0,0,0,6,0,0,0,0,na,,,NO_AUTH_GUARD;ESCAPED_LITERAL_HTML
my_subject_cats,my_subject_cats.php,my_subject_cats.js,,,0,6,0,0,0,0,8,0,6,0,2,na,,,NO_AUTH_GUARD;ESCAPED_LITERAL_HTML
my_subject_syllabus,my_subject_syllabus.php,my_subject_syllabus.js,,,3,3,0,0,0,0,5,1,5,0,0,na,,,NO_AUTH_GUARD
my_subjects_overview,my_subjects_overview.php,my_subjects_overview.js,,,2,2,0,0,0,0,4,1,2,0,0,na,,,NO_AUTH_GUARD
my_vehicle,my_vehicle.php,my_vehicle.js,,,2,3,0,0,0,0,10,0,12,0,4,OK,,,NO_AUTH_GUARD;ESCAPED_LITERAL_HTML
national_exams,national_exams.php,national_exams.js,,,0,6,0,0,0,0,17,4,14,0,2,na,,,NO_AUTH_GUARD
new_applications,new_applications.php,new_applications.js,,,2,2,0,1,0,0,10,0,25,0,5,OK,,,ESCAPED_LITERAL_HTML
observation_feedback,observation_feedback.php,observation_feedback.js,,,0,1,0,0,0,0,3,1,8,0,0,na,,,NO_AUTH_GUARD
observation_schedule,observation_schedule.php,observation_schedule.js,,,0,3,0,0,0,0,1,0,6,0,1,na,,,NO_AUTH_GUARD;ESCAPED_LITERAL_HTML
parent_feedback,parent_feedback.php,parent_feedback.js,,,0,1,0,0,0,0,3,0,9,0,1,na,,,NO_AUTH_GUARD;ESCAPED_LITERAL_HTML
parent_meeting_records,parent_meeting_records.php,,,,0,0,0,0,0,0,0,0,0,0,0,na,,,DELEGATION_STUB;NO_AUTH_GUARD;RENDER_ONLY
parent_meetings,parent_meetings.php,parent_meetings.js,,,4,4,0,0,1,0,10,1,16,0,2,warn,,,TEMPLATE_FRAGMENT
past_papers,past_papers.php,past_papers.js,,,0,3,0,0,0,0,4,2,9,0,0,na,,,NO_AUTH_GUARD
payroll,payroll.php,finance.js,,,32,31,0,1,0,0,18,1,11,0,0,OK,,,
payslips,payslips.php,staff_access.js,,,1,1,0,1,0,0,1,0,2,0,0,na,,,ESCAPED_LITERAL_HTML
pending_discipline_cases,pending_discipline_cases.php,,,,0,0,0,0,0,0,0,0,0,0,0,na,,,DELEGATION_STUB;NO_AUTH_GUARD;RENDER_ONLY
performance_analysis,performance_analysis.php,performance_analysis.js,,,2,3,0,0,1,0,3,0,2,0,0,OK,,,ESCAPED_LITERAL_HTML
performance_reports,performance_reports.php,performance_reports.js,,,0,1,1,0,0,0,10,0,0,0,0,na,,,NO_AUTH_GUARD;ESCAPED_LITERAL_HTML
performance_trends,performance_trends.php,performance_trends.js,,,5,5,0,0,0,0,5,0,5,0,0,na,,,NO_AUTH_GUARD;ESCAPED_LITERAL_HTML
permission_changes,permission_changes.php,system/system_admin_console.js,System Administrator,1049;100109,57,57,0,0,0,0,5,0,15,0,1,na,,,NO_AUTH_GUARD;ESCAPED_LITERAL_HTML
permission_policies,permission_policies.php,system/system_admin_console.js,System Administrator,1024;100091,57,57,0,0,0,0,5,0,15,0,1,na,,,NO_AUTH_GUARD;ESCAPED_LITERAL_HTML
permissions_exeats,permissions_exeats.php,permissions_exeats.js,,,5,5,0,1,0,0,6,0,9,0,0,OK,,,ESCAPED_LITERAL_HTML
petty_cash,petty_cash.php,petty_cash.js,,,0,4,0,0,1,0,8,0,4,0,1,na,,,ESCAPED_LITERAL_HTML
placement_tests,placement_tests.php,placement_tests.js,,,0,0,0,0,0,0,14,0,13,0,4,na,,,NO_AUTH_GUARD;ESCAPED_LITERAL_HTML
policy_violations,policy_violations.php,system/system_admin_console.js,System Administrator,1050;100110,57,57,0,0,0,0,5,0,15,0,1,na,,,NO_AUTH_GUARD;ESCAPED_LITERAL_HTML
profile,profile.php,me.js,,,3,5,0,0,0,0,9,0,0,0,0,OK,,,NO_AUTH_GUARD;ESCAPED_LITERAL_HTML
pta_management,pta_management.php,pta_management.js,,,0,1,0,0,0,0,4,0,3,0,3,na,,,NO_AUTH_GUARD;ESCAPED_LITERAL_HTML
purchase_orders,purchase_orders.php,purchase_orders.js,,,0,3,0,1,0,0,9,0,6,0,2,na,,,ESCAPED_LITERAL_HTML
rate_limiting_status,rate_limiting_status.php,system/system_admin_console.js,System Administrator,1034;100104,57,57,0,0,0,0,5,0,15,0,1,na,,,NO_AUTH_GUARD;ESCAPED_LITERAL_HTML
reflection_journal,reflection_journal.php,reflection_journal.js,,,0,2,0,0,0,0,1,0,0,0,1,na,,,NO_AUTH_GUARD;ESCAPED_LITERAL_HTML
report_cards,report_cards.php,report_cards.js,,,0,0,0,0,0,0,14,2,23,0,1,na,,,NO_AUTH_GUARD
reset_default_password,reset_default_password.php,reset_default_password.js,,,0,1,0,1,0,0,0,0,0,0,0,na,,,RENDER_ONLY
resolved_discipline_cases,resolved_discipline_cases.php,,,,0,0,0,0,0,0,0,0,0,0,0,na,,,DELEGATION_STUB;NO_AUTH_GUARD;RENDER_ONLY
resource_based_permissions,resource_based_permissions.php,resource_based_permissions.js,System Administrator,1015;100083,4,4,0,1,0,0,6,1,8,0,1,OK,,,
results_analysis,results_analysis.php,results_analysis.js,,,0,1,0,0,0,0,3,0,0,0,0,na,,,NO_AUTH_GUARD;ESCAPED_LITERAL_HTML
role_navigation_config,role_navigation_config.php,system/system_admin_console.js,System Administrator,1020;100099,57,57,0,0,0,0,5,0,15,0,1,na,,,NO_AUTH_GUARD;ESCAPED_LITERAL_HTML
role_permission_matrix,role_permission_matrix.php,role_permission_matrix.js,System Administrator,1014;100082,5,5,0,1,0,0,6,0,13,0,0,OK,,,ESCAPED_LITERAL_HTML
route_access_rules,route_access_rules.php,system/system_admin_console.js,System Administrator,1023;100092,57,57,0,0,0,0,5,0,15,0,1,na,,,NO_AUTH_GUARD;ESCAPED_LITERAL_HTML
route_registry,route_registry.php,system/system_admin_console.js,System Administrator,1016;100097,57,57,0,0,0,0,5,0,15,0,1,na,,,NO_AUTH_GUARD;ESCAPED_LITERAL_HTML
salary_advances,salary_advances.php,salary_advances.js,System Administrator,100118,0,4,0,0,1,0,8,1,6,0,2,na,,,
sanctions,sanctions.php,sanctions.js,,,0,4,0,0,0,0,5,0,10,0,2,na,,,NO_AUTH_GUARD;ESCAPED_LITERAL_HTML
schedule_parent_meetings,schedule_parent_meetings.php,,,,0,0,0,0,0,0,0,0,0,0,0,na,,,DELEGATION_STUB;NO_AUTH_GUARD;RENDER_ONLY
schemes_of_work,schemes_of_work.php,schemes_of_work.js,,,3,13,0,0,0,0,10,1,6,0,7,na,,,NO_AUTH_GUARD
school_events,school_events.php,school_events.js,,,4,5,0,0,0,0,8,0,14,0,2,na,,,NO_AUTH_GUARD;ESCAPED_LITERAL_HTML
school_initialization,school_initialization.php,system/school_initialization.js,System Administrator,100119,1,1,0,0,0,0,0,0,0,0,0,na,,,NO_AUTH_GUARD;RENDER_ONLY
school_settings,school_settings.php,settings.js,,,4,4,0,0,0,0,0,0,0,0,2,warn,,,NO_AUTH_GUARD;RENDER_ONLY
security_incidents,security_incidents.php,system/system_admin_console.js,System Administrator,1051;100111,57,57,0,0,0,0,5,0,15,0,1,na,,,NO_AUTH_GUARD;ESCAPED_LITERAL_HTML
send_class_message,send_class_message.php,,,,0,0,0,0,0,0,0,0,0,0,0,na,,,DELEGATION_STUB;NO_AUTH_GUARD;RENDER_ONLY
send_parent_notifications,send_parent_notifications.php,,,,0,0,0,0,0,0,0,0,0,0,0,na,,,DELEGATION_STUB;NO_AUTH_GUARD;RENDER_ONLY
sick_bay,sick_bay.php,sick_bay.js,,,0,7,0,0,0,0,5,1,6,0,3,na,,,NO_AUTH_GUARD
sidebar_menus,sidebar_menus.php,system/system_admin_console.js,System Administrator,1017;100098,57,57,0,0,0,0,5,0,15,0,1,na,,,NO_AUTH_GUARD;ESCAPED_LITERAL_HTML
special_needs,special_needs.php,special_needs.js,,,0,0,0,0,0,0,6,3,16,0,1,na,,,TEMPLATE_FRAGMENT;NO_AUTH_GUARD
special_needs_students,special_needs_students.php,,,,0,0,0,0,0,0,0,0,0,0,0,na,,,DELEGATION_STUB;NO_AUTH_GUARD;RENDER_ONLY
sports,sports.php,sports.js,,,0,9,0,0,0,0,15,0,25,0,7,na,,,NO_AUTH_GUARD;ESCAPED_LITERAL_HTML
staff/admin_staff,staff/admin_staff.php,,,,0,0,0,0,0,0,0,0,0,0,0,na,,,TEMPLATE_FRAGMENT;NO_AUTH_GUARD;RENDER_ONLY
staff/manage_staff_base,staff/manage_staff_base.php,staff.js,,,27,35,0,0,0,0,37,0,9,0,15,OK,,,NO_AUTH_GUARD;ESCAPED_LITERAL_HTML
staff/manager_staff,staff/manager_staff.php,,,,0,0,0,0,0,0,0,0,0,0,0,na,,,TEMPLATE_FRAGMENT;NO_AUTH_GUARD;RENDER_ONLY
staff/operator_staff,staff/operator_staff.php,,,,0,0,0,0,0,0,0,0,0,0,0,na,,,TEMPLATE_FRAGMENT;NO_AUTH_GUARD;RENDER_ONLY
staff/viewer_staff,staff/viewer_staff.php,,,,0,0,0,0,0,0,0,0,0,0,0,na,,,TEMPLATE_FRAGMENT;NO_AUTH_GUARD;RENDER_ONLY
staff_appointments,staff_appointments.php,staff_access.js,,,1,1,0,1,0,0,1,0,2,0,0,na,,,ESCAPED_LITERAL_HTML
staff_attendance,staff_attendance.php,staff_attendance.js,,,6,6,0,1,0,0,16,1,18,0,1,OK,,,
staff_id_cards,staff_id_cards.php,staff_access.js,,,1,1,0,1,0,0,1,0,2,0,0,na,,,ESCAPED_LITERAL_HTML
staff_leave,staff_leave.php,staff_access.js,,,1,1,0,1,0,0,1,0,2,0,0,na,,,ESCAPED_LITERAL_HTML
staff_lifecycle,staff_lifecycle.php,staff_lifecycle.js,,,4,4,0,1,0,0,8,5,24,0,3,OK,,,
staff_onboarding,staff_onboarding.php,staff_onboarding.js,,,0,8,0,1,1,0,13,3,15,0,3,na,,,
staff_performance,staff_performance.php,staff_performance.js,,,5,5,0,1,0,0,5,0,0,0,0,OK,,,ESCAPED_LITERAL_HTML
staff_role_assignments,staff_role_assignments.php,staff_role_assignments.js,,,5,5,0,1,0,0,3,3,6,0,0,OK,,,
staff_schedule,staff_schedule.php,staff_schedule.js,System Administrator,100120,0,4,0,0,0,0,8,0,13,0,0,na,,,NO_AUTH_GUARD;ESCAPED_LITERAL_HTML
student_behavior_notes,student_behavior_notes.php,,,,0,0,0,0,0,0,0,0,0,0,0,na,,,DELEGATION_STUB;NO_AUTH_GUARD;RENDER_ONLY
student_counseling,student_counseling.php,student_counseling.js,,,0,0,0,0,0,0,4,1,30,0,1,na,,,TEMPLATE_FRAGMENT;NO_AUTH_GUARD
student_fees,student_fees.php,student_fees.js,,,7,7,0,0,0,0,13,0,0,0,4,OK,,,NO_AUTH_GUARD;ESCAPED_LITERAL_HTML
student_growth,student_growth.php,student_growth.js,,,0,9,0,0,0,0,31,3,21,0,0,na,,,NO_AUTH_GUARD
student_health,student_health.php,student_health.js,,,0,0,0,0,0,0,4,1,34,0,1,na,,,NO_AUTH_GUARD
student_id_cards,student_id_cards.php,student_id_cards.js,,,0,0,0,0,0,0,9,1,31,0,17,na,,,NO_AUTH_GUARD
student_performance,student_performance.php,student_performance.js,,,0,0,0,0,0,0,21,0,0,0,1,na,,,NO_AUTH_GUARD;ESCAPED_LITERAL_HTML
student_portfolio,student_portfolio.php,student_portfolio.js,,,0,10,0,0,0,0,10,1,30,0,4,na,,,NO_AUTH_GUARD
student_profiles,student_profiles.php,student_profile_context.js,,,2,2,0,0,0,0,6,3,9,0,0,na,,,TEMPLATE_FRAGMENT;NO_AUTH_GUARD
student_progress_reports,student_progress_reports.php,student_progress_reports.js,,,0,4,0,0,0,0,6,0,0,0,0,na,,,NO_AUTH_GUARD;ESCAPED_LITERAL_HTML
student_promotion,student_promotion.php,student_promotion.js,,,0,0,0,0,0,0,5,1,8,0,1,na,,,NO_AUTH_GUARD
student_subject_performance,student_subject_performance.php,student_subject_performance.js,,,0,4,0,0,0,0,6,0,0,0,0,na,,,NO_AUTH_GUARD;ESCAPED_LITERAL_HTML
student_timeline,student_timeline.php,student_timeline.js,System Administrator,100121,0,3,0,0,1,0,16,2,15,0,1,na,,,
student_welfare,student_welfare.php,student_welfare.js,,,0,0,0,0,0,0,4,1,30,0,12,na,,,NO_AUTH_GUARD
students/manage_students_admin,students/manage_students_admin.php,,,,0,0,0,0,0,0,0,0,0,0,0,na,,,DELEGATION_STUB;NO_AUTH_GUARD;RENDER_ONLY
students/manage_students_base,students/manage_students_base.php,manage_students.js,,,16,22,0,0,0,0,18,0,4,0,8,OK,,,TEMPLATE_FRAGMENT;NO_AUTH_GUARD;ESCAPED_LITERAL_HTML
students/manage_students_manager,students/manage_students_manager.php,,,,0,0,0,0,0,0,0,0,0,0,0,na,,,DELEGATION_STUB;NO_AUTH_GUARD;RENDER_ONLY
students/manage_students_operator,students/manage_students_operator.php,,,,0,0,0,0,0,0,0,0,0,0,0,na,,,DELEGATION_STUB;NO_AUTH_GUARD;RENDER_ONLY
students/manage_students_viewer,students/manage_students_viewer.php,,,,0,0,0,0,0,0,0,0,0,0,0,na,,,DELEGATION_STUB;NO_AUTH_GUARD;RENDER_ONLY
students/student_context_view,students/student_context_view.php,student_context.js,,,1,1,0,0,0,0,6,3,6,0,0,na,,,TEMPLATE_FRAGMENT;NO_AUTH_GUARD
students_by_class,students_by_class.php,,,,0,0,0,0,0,0,0,0,0,0,0,na,,,DELEGATION_STUB;NO_AUTH_GUARD;RENDER_ONLY
students_oversview,students_oversview.php,,,,0,0,0,0,0,0,0,0,0,0,0,na,,,DELEGATION_STUB;NO_AUTH_GUARD;RENDER_ONLY
students_overview,students_overview.php,,,,0,0,0,0,0,0,0,0,0,0,0,na,,,DELEGATION_STUB;NO_AUTH_GUARD;RENDER_ONLY
students_with_balance,students_with_balance.php,students_with_balance.js,,,5,6,0,1,0,0,8,0,5,0,3,OK,,,ESCAPED_LITERAL_HTML
subject_class_comparison,subject_class_comparison.php,subject_class_comparison.js,,,0,4,0,0,0,0,6,0,0,0,0,na,,,NO_AUTH_GUARD;ESCAPED_LITERAL_HTML
subject_exam_schedule,subject_exam_schedule.php,subject_exam_schedule.js,,,0,4,0,0,0,0,6,0,0,0,0,na,,,NO_AUTH_GUARD;ESCAPED_LITERAL_HTML
subject_grade_entry,subject_grade_entry.php,subject_grade_entry.js,,,0,7,0,0,0,0,8,0,0,0,0,na,,,NO_AUTH_GUARD;ESCAPED_LITERAL_HTML
subject_grading_status,subject_grading_status.php,subject_grading_status.js,,,0,4,0,0,0,0,6,0,0,0,0,na,,,NO_AUTH_GUARD;ESCAPED_LITERAL_HTML
subject_results_summary,subject_results_summary.php,subject_results_summary.js,,,0,5,0,0,0,0,7,0,6,0,0,na,,,NO_AUTH_GUARD;ESCAPED_LITERAL_HTML
subject_schemes_of_work,subject_schemes_of_work.php,subject_schemes_of_work.js,,,2,3,0,0,0,0,5,1,4,0,0,na,,,NO_AUTH_GUARD
subject_students_list,subject_students_list.php,,,,0,0,0,0,0,0,0,0,0,0,0,na,,,DELEGATION_STUB;NO_AUTH_GUARD;RENDER_ONLY
supervision_roster,supervision_roster.php,supervision_roster.js,,,7,7,0,0,0,0,5,0,7,0,2,na,,,NO_AUTH_GUARD;ESCAPED_LITERAL_HTML
system_diagnostics,system_diagnostics.php,system/system_admin_console.js,System Administrator,1047;100114,57,57,0,0,0,0,5,0,15,0,1,na,,,NO_AUTH_GUARD;ESCAPED_LITERAL_HTML
system_health,system_health.php,system/system_admin_console.js,System Administrator,1030;100100,57,57,0,0,0,0,5,0,15,0,1,na,,,NO_AUTH_GUARD;ESCAPED_LITERAL_HTML
system_settings,system_settings.php,system/system_admin_console.js,System Administrator,1035;100093,57,57,0,0,0,0,5,0,15,0,1,na,,,NO_AUTH_GUARD;ESCAPED_LITERAL_HTML
teacher_performance_reviews,teacher_performance_reviews.php,teacher_performance_reviews.js,,,3,3,0,1,0,0,3,0,6,0,0,na,,,ESCAPED_LITERAL_HTML
teacher_workload,teacher_workload.php,teacher_workload.js,,,3,5,0,1,0,0,3,0,2,0,0,na,,,ESCAPED_LITERAL_HTML
teaching_materials,teaching_materials.php,teaching_materials.js,,,0,3,0,0,0,0,4,2,8,0,0,na,,,NO_AUTH_GUARD
term_dates,term_dates.php,term_dates.js,,,0,4,0,0,1,0,8,3,9,0,3,na,,,
term_reports,term_reports.php,term_reports.js,,,0,0,0,0,0,0,10,0,0,0,1,na,,,NO_AUTH_GUARD;ESCAPED_LITERAL_HTML
term_transition,term_transition.php,term_transition.js,System Administrator,100122,0,6,0,0,0,0,10,1,6,0,0,na,,,NO_AUTH_GUARD
time_bound_access,time_bound_access.php,system/system_admin_console.js,System Administrator,1022;100090,57,57,0,0,0,0,5,0,15,0,1,na,,,NO_AUTH_GUARD;ESCAPED_LITERAL_HTML
timetable,timetable.php,timetable.js,,,5,6,0,0,0,0,6,1,4,0,0,na,,,NO_AUTH_GUARD
today_absentees,today_absentees.php,,,,0,0,0,0,0,0,0,0,0,0,0,na,,,DELEGATION_STUB;NO_AUTH_GUARD;RENDER_ONLY
token_management,token_management.php,token_management.js,System Administrator,1028,2,2,0,1,0,0,3,0,13,0,0,OK,,,ESCAPED_LITERAL_HTML
transaction_approvals,transaction_approvals.php,transaction_approvals.js,,,0,4,0,0,1,0,4,0,12,0,0,na,,,ESCAPED_LITERAL_HTML
transport/admin_transport,transport/admin_transport.php,,,,0,0,0,0,0,0,0,0,0,0,0,na,,,TEMPLATE_FRAGMENT;NO_AUTH_GUARD;RENDER_ONLY
transport/manager_transport,transport/manager_transport.php,,,,0,0,0,0,0,0,0,0,0,0,0,na,,,TEMPLATE_FRAGMENT;NO_AUTH_GUARD;RENDER_ONLY
transport/operator_transport,transport/operator_transport.php,,,,0,0,0,0,0,0,0,0,0,0,0,na,,,TEMPLATE_FRAGMENT;NO_AUTH_GUARD;RENDER_ONLY
transport/viewer_transport,transport/viewer_transport.php,,,,0,0,0,0,0,0,0,0,0,0,0,na,,,TEMPLATE_FRAGMENT;NO_AUTH_GUARD;RENDER_ONLY
transport_passengers,transport_passengers.php,transport_passengers.js,,,0,0,0,0,0,0,4,0,0,0,3,na,,,NO_AUTH_GUARD;ESCAPED_LITERAL_HTML
truancy_cases,truancy_cases.php,,,,0,0,0,0,0,0,0,0,0,0,0,na,,,DELEGATION_STUB;NO_AUTH_GUARD;RENDER_ONLY
unmatched_payments,unmatched_payments.php,unmatched_payments.js,,,0,3,0,0,0,0,7,0,12,0,2,na,,,NO_AUTH_GUARD;ESCAPED_LITERAL_HTML
upload_teaching_resource,upload_teaching_resource.php,upload_teaching_resource.js,,,0,1,0,0,0,0,4,0,2,0,0,na,,,NO_AUTH_GUARD;ESCAPED_LITERAL_HTML
vendor_invoices,vendor_invoices.php,,,,0,0,0,0,0,0,0,0,0,0,0,na,,,DELEGATION_STUB;NO_AUTH_GUARD;RENDER_ONLY
vendors,vendors.php,vendors.js,,,0,4,0,0,0,0,8,1,13,0,3,na,,,TEMPLATE_FRAGMENT;NO_AUTH_GUARD
view_attendance,view_attendance.php,view_attendance.js,,,6,9,0,1,0,0,17,0,23,0,1,OK,,,TEMPLATE_FRAGMENT;ESCAPED_LITERAL_HTML
view_calendar,view_calendar.php,view_calendar.js,,,3,4,0,0,0,0,3,0,0,0,2,na,,,NO_AUTH_GUARD;ESCAPED_LITERAL_HTML
view_class_lists,view_class_lists.php,,,,0,0,0,0,0,0,0,0,0,0,0,na,,,DELEGATION_STUB;NO_AUTH_GUARD;RENDER_ONLY
view_past_papers,view_past_papers.php,view_past_papers.js,,,1,2,0,0,0,0,4,0,6,0,0,na,,,NO_AUTH_GUARD;ESCAPED_LITERAL_HTML
view_results,view_results.php,view_results.js,,,0,0,0,0,0,0,9,0,0,0,0,na,,,NO_AUTH_GUARD;ESCAPED_LITERAL_HTML
view_student_info,view_student_info.php,,,,0,0,0,0,0,0,0,0,0,0,0,na,,,DELEGATION_STUB;NO_AUTH_GUARD;RENDER_ONLY
view_syllabus,view_syllabus.php,view_syllabus.js,,,1,1,0,0,0,0,6,1,11,0,0,na,,,NO_AUTH_GUARD
view_teaching_materials,view_teaching_materials.php,view_teaching_materials.js,,,0,1,0,0,0,0,4,2,6,0,0,na,,,NO_AUTH_GUARD
webhook_registry,webhook_registry.php,system/system_admin_console.js,System Administrator,1045;100113,57,57,0,0,0,0,5,0,15,0,1,na,,,NO_AUTH_GUARD;ESCAPED_LITERAL_HTML
weekly_discipline_report,weekly_discipline_report.php,,,,0,0,0,0,0,0,0,0,0,0,0,na,,,DELEGATION_STUB;NO_AUTH_GUARD;RENDER_ONLY
welfare_follow_ups,welfare_follow_ups.php,welfare_follow_ups.js,,,0,5,0,0,0,0,6,1,7,0,2,na,,,NO_AUTH_GUARD
widget_registry,widget_registry.php,system/system_admin_console.js,System Administrator,1019,57,57,0,0,0,0,5,0,15,0,1,na,,,NO_AUTH_GUARD;ESCAPED_LITERAL_HTML
year_calendar,year_calendar.php,year_calendar.js,,,1,1,0,0,0,0,2,0,2,0,0,na,,,NO_AUTH_GUARD;ESCAPED_LITERAL_HTML
year_history,year_history.php,year_history.js,,,1,1,0,0,0,0,2,0,2,0,0,na,,,NO_AUTH_GUARD;ESCAPED_LITERAL_HTML
year_rollover,year_rollover.php,year_rollover.js,System Administrator,100123,0,2,0,0,1,0,5,0,1,0,0,na,,,ESCAPED_LITERAL_HTML
