role_id,role,scope,is_system,user_count,item_id,label,menu_type,parent,url,route,route_url,page,is_dashboard,controllers,n_endpoints,n_unresolved
2,System Administrator,system,1,1,1001,Dashboard,sidebar,,system_administrator_dashboard,system_administrator_dashboard,home.php?route=system_administrator_dashboard,components/dashboards/system_administrator_dashboard.php,1,system_administrator_dashboard.js,0,0
2,System Administrator,system,1,1,1011,User Accounts,sidebar,Identity & Access,manage_users,manage_users,home.php?route=manage_users,manage_users.php,,manage_users.js,5,0
2,System Administrator,system,1,1,1016,Route Registry,sidebar,Navigation & UI,route_registry,route_registry,home.php?route=route_registry,route_registry.php,,system_admin_console.js,57,0
2,System Administrator,system,1,1,1021,Domain Isolation,sidebar,Policy & Governance,domain_isolation_rules,domain_isolation_rules,home.php?route=domain_isolation_rules,domain_isolation_rules.php,,system_admin_console.js,57,0
2,System Administrator,system,1,1,1025,Authentication Logs,sidebar,Security Center,authentication_logs,authentication_logs,home.php?route=authentication_logs,authentication_logs.php,,authentication_logs.js,1,0
2,System Administrator,system,1,1,1030,System Health,sidebar,Monitoring,system_health,system_health,home.php?route=system_health,system_health.php,,system_admin_console.js,57,0
2,System Administrator,system,1,1,1035,System Settings,sidebar,Configuration,system_settings,system_settings,home.php?route=system_settings,system_settings.php,,system_admin_console.js,57,0
2,System Administrator,system,1,1,1039,Schema Registry,sidebar,Data Governance,migrations,migrations,home.php?route=migrations,migrations.php,,system_admin_console.js,57,0
2,System Administrator,system,1,1,1044,API Explorer,sidebar,Developer Tools,api_explorer,api_explorer,home.php?route=api_explorer,api_explorer.php,,system_admin_console.js,57,0
2,System Administrator,system,1,1,1048,Activity Logs,sidebar,Audit & Forensics,activity_audit_logs,activity_audit_logs,home.php?route=activity_audit_logs,activity_audit_logs.php,,system_admin_console.js,57,0
2,System Administrator,system,1,1,1002,Identity & Access,sidebar,,,,,,,,0,0
2,System Administrator,system,1,1,1012,Account Status,sidebar,Identity & Access,account_status,account_status,home.php?route=account_status,account_status.php,,account_status.js,2,0
2,System Administrator,system,1,1,1017,Sidebar Menus,sidebar,Navigation & UI,sidebar_menus,sidebar_menus,home.php?route=sidebar_menus,sidebar_menus.php,,system_admin_console.js,57,0
2,System Administrator,system,1,1,1022,Time-Bound Access,sidebar,Policy & Governance,time_bound_access,time_bound_access,home.php?route=time_bound_access,time_bound_access.php,,system_admin_console.js,57,0
2,System Administrator,system,1,1,1026,Failed Logins,sidebar,Security Center,failed_login_attempts,failed_login_attempts,home.php?route=failed_login_attempts,failed_login_attempts.php,,failed_login_attempts.js,1,0
2,System Administrator,system,1,1,1031,Error Logs,sidebar,Monitoring,error_logs,error_logs,home.php?route=error_logs,error_logs.php,,system_admin_console.js,57,0
2,System Administrator,system,1,1,1036,Feature Flags,sidebar,Configuration,feature_flags,feature_flags,home.php?route=feature_flags,feature_flags.php,,system_admin_console.js,57,0
2,System Administrator,system,1,1,1040,Migrations,sidebar,Data Governance,migrations,migrations,home.php?route=migrations,migrations.php,,system_admin_console.js,57,0
2,System Administrator,system,1,1,1045,Webhook Registry,sidebar,Developer Tools,webhook_registry,webhook_registry,home.php?route=webhook_registry,webhook_registry.php,,system_admin_console.js,57,0
2,System Administrator,system,1,1,1049,Permission Changes,sidebar,Audit & Forensics,permission_changes,permission_changes,home.php?route=permission_changes,permission_changes.php,,system_admin_console.js,57,0
2,System Administrator,system,1,1,100078,Dashboard,sidebar,Users & Roles,home.php?route=system_administrator_dashboard,system_administrator_dashboard,home.php?route=system_administrator_dashboard,components/dashboards/system_administrator_dashboard.php,1,system_administrator_dashboard.js,0,0
2,System Administrator,system,1,1,1013,Role Definitions,sidebar,Identity & Access,manage_roles,manage_roles,home.php?route=manage_roles,manage_roles.php,,manage_roles.js,6,0
2,System Administrator,system,1,1,1018,Dashboard Registry,sidebar,Navigation & UI,dashboard_registry,dashboard_registry,home.php?route=dashboard_registry,dashboard_registry.php,,system_admin_console.js,57,0
2,System Administrator,system,1,1,1023,Route Access Rules,sidebar,Policy & Governance,route_access_rules,route_access_rules,home.php?route=route_access_rules,route_access_rules.php,,system_admin_console.js,57,0
2,System Administrator,system,1,1,1027,Active Sessions,sidebar,Security Center,active_sessions,active_sessions,home.php?route=active_sessions,active_sessions.php,,active_sessions.js,2,0
2,System Administrator,system,1,1,1032,Background Jobs,sidebar,Monitoring,background_jobs,background_jobs,home.php?route=background_jobs,background_jobs.php,,system_admin_console.js,57,0
2,System Administrator,system,1,1,1037,Module Enablement,sidebar,Configuration,module_enablement,module_enablement,home.php?route=module_enablement,module_enablement.php,,system_admin_console.js,57,0
2,System Administrator,system,1,1,1041,Backups,sidebar,Data Governance,backups,backups,home.php?route=backups,backups.php,,system_admin_console.js,57,0
2,System Administrator,system,1,1,1046,Job Inspector,sidebar,Developer Tools,job_inspector,job_inspector,home.php?route=job_inspector,job_inspector.php,,system_admin_console.js,57,0
2,System Administrator,system,1,1,1050,Policy Violations,sidebar,Audit & Forensics,policy_violations,policy_violations,home.php?route=policy_violations,policy_violations.php,,system_admin_console.js,57,0
2,System Administrator,system,1,1,1014,Role-Permission Matrix,sidebar,Identity & Access,role_permission_matrix,role_permission_matrix,home.php?route=role_permission_matrix,role_permission_matrix.php,,role_permission_matrix.js,5,0
2,System Administrator,system,1,1,1019,Widget Registry,sidebar,Navigation & UI,widget_registry,widget_registry,home.php?route=widget_registry,widget_registry.php,,system_admin_console.js,57,0
2,System Administrator,system,1,1,1024,Permission Policies,sidebar,Policy & Governance,permission_policies,permission_policies,home.php?route=permission_policies,permission_policies.php,,system_admin_console.js,57,0
2,System Administrator,system,1,1,1028,Token Management,sidebar,Security Center,token_management,token_management,home.php?route=token_management,token_management.php,,token_management.js,2,0
2,System Administrator,system,1,1,1033,API Metrics,sidebar,Monitoring,api_metrics,api_metrics,home.php?route=api_metrics,api_metrics.php,,system_admin_console.js,57,0
2,System Administrator,system,1,1,1038,Maintenance Mode,sidebar,Configuration,maintenance_mode,maintenance_mode,home.php?route=maintenance_mode,maintenance_mode.php,,system_admin_console.js,57,0
2,System Administrator,system,1,1,1042,Data Retention,sidebar,Data Governance,data_retention,data_retention,home.php?route=data_retention,data_retention.php,,system_admin_console.js,57,0
2,System Administrator,system,1,1,1047,System Diagnostics,sidebar,Developer Tools,system_diagnostics,system_diagnostics,home.php?route=system_diagnostics,system_diagnostics.php,,system_admin_console.js,57,0
2,System Administrator,system,1,1,1051,Security Incidents,sidebar,Audit & Forensics,security_incidents,security_incidents,home.php?route=security_incidents,security_incidents.php,,system_admin_console.js,57,0
2,System Administrator,system,1,1,1015,Resource Permissions,sidebar,Identity & Access,resource_based_permissions,resource_based_permissions,home.php?route=resource_based_permissions,resource_based_permissions.php,,resource_based_permissions.js,4,0
2,System Administrator,system,1,1,1020,Role Navigation,sidebar,Navigation & UI,role_navigation_config,role_navigation_config,home.php?route=role_navigation_config,role_navigation_config.php,,system_admin_console.js,57,0
2,System Administrator,system,1,1,1029,IP Whitelist/Blacklist,sidebar,Security Center,ip_whitelist_blacklist,ip_whitelist_blacklist,home.php?route=ip_whitelist_blacklist,ip_whitelist_blacklist.php,,ip_whitelist_blacklist.js,4,0
2,System Administrator,system,1,1,1034,Rate Limiting,sidebar,Monitoring,rate_limiting_status,rate_limiting_status,home.php?route=rate_limiting_status,rate_limiting_status.php,,system_admin_console.js,57,0
2,System Administrator,system,1,1,1043,Data Purge Policies,sidebar,Data Governance,data_retention,data_retention,home.php?route=data_retention,data_retention.php,,system_admin_console.js,57,0
2,System Administrator,system,1,1,100069,Users & Roles,sidebar,,,,,,,,0,0
2,System Administrator,system,1,1,100079,User Accounts,sidebar,Users & Roles,home.php?route=manage_users,manage_users,home.php?route=manage_users,manage_users.php,,manage_users.js,5,0
2,System Administrator,system,1,1,100089,Domain Isolation,sidebar,Policy & Governance,home.php?route=domain_isolation_rules,domain_isolation_rules,home.php?route=domain_isolation_rules,domain_isolation_rules.php,,system_admin_console.js,57,0
2,System Administrator,system,1,1,100093,System Settings,sidebar,Configuration,home.php?route=system_settings,system_settings,home.php?route=system_settings,system_settings.php,,system_admin_console.js,57,0
2,System Administrator,system,1,1,100097,Route Registry,sidebar,Navigation & UI,home.php?route=route_registry,route_registry,home.php?route=route_registry,route_registry.php,,system_admin_console.js,57,0
2,System Administrator,system,1,1,100100,System Health,sidebar,Monitoring,home.php?route=system_health,system_health,home.php?route=system_health,system_health.php,,system_admin_console.js,57,0
2,System Administrator,system,1,1,100105,Migrations,sidebar,Data Governance,home.php?route=migrations,migrations,home.php?route=migrations,migrations.php,,system_admin_console.js,57,0
2,System Administrator,system,1,1,100108,Activity Logs,sidebar,Audit & Forensics,home.php?route=activity_audit_logs,activity_audit_logs,home.php?route=activity_audit_logs,activity_audit_logs.php,,system_admin_console.js,57,0
2,System Administrator,system,1,1,100112,API Explorer,sidebar,Developer Tools,home.php?route=api_explorer,api_explorer,home.php?route=api_explorer,api_explorer.php,,system_admin_console.js,57,0
2,System Administrator,system,1,1,1005,Security Center,sidebar,,,,,,,,0,0
2,System Administrator,system,1,1,100080,Account Status,sidebar,Users & Roles,home.php?route=account_status,account_status,home.php?route=account_status,account_status.php,,account_status.js,2,0
2,System Administrator,system,1,1,100090,Time-Bound Access,sidebar,Policy & Governance,home.php?route=time_bound_access,time_bound_access,home.php?route=time_bound_access,time_bound_access.php,,system_admin_console.js,57,0
2,System Administrator,system,1,1,100094,Feature Flags,sidebar,Configuration,home.php?route=feature_flags,feature_flags,home.php?route=feature_flags,feature_flags.php,,system_admin_console.js,57,0
2,System Administrator,system,1,1,100098,Sidebar Menus,sidebar,Navigation & UI,home.php?route=sidebar_menus,sidebar_menus,home.php?route=sidebar_menus,sidebar_menus.php,,system_admin_console.js,57,0
2,System Administrator,system,1,1,100101,Error Logs,sidebar,Monitoring,home.php?route=error_logs,error_logs,home.php?route=error_logs,error_logs.php,,system_admin_console.js,57,0
2,System Administrator,system,1,1,100106,Backups,sidebar,Data Governance,home.php?route=backups,backups,home.php?route=backups,backups.php,,system_admin_console.js,57,0
2,System Administrator,system,1,1,100109,Permission Changes,sidebar,Audit & Forensics,home.php?route=permission_changes,permission_changes,home.php?route=permission_changes,permission_changes.php,,system_admin_console.js,57,0
2,System Administrator,system,1,1,100113,Webhook Registry,sidebar,Developer Tools,home.php?route=webhook_registry,webhook_registry,home.php?route=webhook_registry,webhook_registry.php,,system_admin_console.js,57,0
2,System Administrator,system,1,1,1004,Policy & Governance,sidebar,,,,,,,,0,0
2,System Administrator,system,1,1,100081,Role Definitions,sidebar,Users & Roles,home.php?route=manage_roles,manage_roles,home.php?route=manage_roles,manage_roles.php,,manage_roles.js,6,0
2,System Administrator,system,1,1,100091,Permission Policies,sidebar,Policy & Governance,home.php?route=permission_policies,permission_policies,home.php?route=permission_policies,permission_policies.php,,system_admin_console.js,57,0
2,System Administrator,system,1,1,100095,Module Enablement,sidebar,Configuration,home.php?route=module_enablement,module_enablement,home.php?route=module_enablement,module_enablement.php,,system_admin_console.js,57,0
2,System Administrator,system,1,1,100099,Role Navigation Config,sidebar,Navigation & UI,home.php?route=role_navigation_config,role_navigation_config,home.php?route=role_navigation_config,role_navigation_config.php,,system_admin_console.js,57,0
2,System Administrator,system,1,1,100102,Background Jobs,sidebar,Monitoring,home.php?route=background_jobs,background_jobs,home.php?route=background_jobs,background_jobs.php,,system_admin_console.js,57,0
2,System Administrator,system,1,1,100107,Data Retention,sidebar,Data Governance,home.php?route=data_retention,data_retention,home.php?route=data_retention,data_retention.php,,system_admin_console.js,57,0
2,System Administrator,system,1,1,100110,Policy Violations,sidebar,Audit & Forensics,home.php?route=policy_violations,policy_violations,home.php?route=policy_violations,policy_violations.php,,system_admin_console.js,57,0
2,System Administrator,system,1,1,100114,System Diagnostics,sidebar,Developer Tools,home.php?route=system_diagnostics,system_diagnostics,home.php?route=system_diagnostics,system_diagnostics.php,,system_admin_console.js,57,0
2,System Administrator,system,1,1,1007,Configuration,sidebar,,,,,,,,0,0
2,System Administrator,system,1,1,100082,Role-Permission Matrix,sidebar,Users & Roles,home.php?route=role_permission_matrix,role_permission_matrix,home.php?route=role_permission_matrix,role_permission_matrix.php,,role_permission_matrix.js,5,0
2,System Administrator,system,1,1,100092,Route Access Rules,sidebar,Policy & Governance,home.php?route=route_access_rules,route_access_rules,home.php?route=route_access_rules,route_access_rules.php,,system_admin_console.js,57,0
2,System Administrator,system,1,1,100096,Maintenance Mode,sidebar,Configuration,home.php?route=maintenance_mode,maintenance_mode,home.php?route=maintenance_mode,maintenance_mode.php,,system_admin_console.js,57,0
2,System Administrator,system,1,1,100103,API Metrics,sidebar,Monitoring,home.php?route=api_metrics,api_metrics,home.php?route=api_metrics,api_metrics.php,,system_admin_console.js,57,0
2,System Administrator,system,1,1,100111,Security Incidents,sidebar,Audit & Forensics,home.php?route=security_incidents,security_incidents,home.php?route=security_incidents,security_incidents.php,,system_admin_console.js,57,0
2,System Administrator,system,1,1,100115,Job Inspector,sidebar,Developer Tools,home.php?route=job_inspector,job_inspector,home.php?route=job_inspector,job_inspector.php,,system_admin_console.js,57,0
2,System Administrator,system,1,1,1003,Navigation & UI,sidebar,,,,,,,,0,0
2,System Administrator,system,1,1,100083,Resource Permissions,sidebar,Users & Roles,home.php?route=resource_based_permissions,resource_based_permissions,home.php?route=resource_based_permissions,resource_based_permissions.php,,resource_based_permissions.js,4,0
2,System Administrator,system,1,1,100104,Rate Limiting,sidebar,Monitoring,home.php?route=rate_limiting_status,rate_limiting_status,home.php?route=rate_limiting_status,rate_limiting_status.php,,system_admin_console.js,57,0
2,System Administrator,system,1,1,1006,Monitoring,sidebar,,,,,,,,0,0
2,System Administrator,system,1,1,1008,Data Governance,sidebar,,,,,,,,0,0
2,System Administrator,system,1,1,1010,Audit & Forensics,sidebar,,,,,,,,0,0
2,System Administrator,system,1,1,1009,Developer Tools,sidebar,,,,,,,,0,0
2,System Administrator,system,1,1,100039,Website,sidebar,,manage_website,manage_website,home.php?route=manage_website,manage_website.php,,manage_website.js,37,0
2,System Administrator,system,1,1,100116,Assessment Overview,sidebar,,assessment_overview,assessment_overview,home.php?route=assessment_overview,assessment_overview.php,,assessment_overview.js,11,0
2,System Administrator,system,1,1,100040,News & Blog,sidebar,Website,manage_website,manage_website,home.php?route=manage_website,manage_website.php,,manage_website.js,37,0
2,System Administrator,system,1,1,100117,WhatsApp Management,sidebar,,manage_whatsapp,manage_whatsapp,home.php?route=manage_whatsapp,manage_whatsapp.php,,manage_whatsapp.js,9,0
2,System Administrator,system,1,1,100041,School Events,sidebar,Website,manage_website,manage_website,home.php?route=manage_website,manage_website.php,,manage_website.js,37,0
2,System Administrator,system,1,1,100118,Salary Advances,sidebar,,salary_advances,salary_advances,home.php?route=salary_advances,salary_advances.php,,salary_advances.js,4,0
2,System Administrator,system,1,1,100042,Gallery,sidebar,Website,manage_website,manage_website,home.php?route=manage_website,manage_website.php,,manage_website.js,37,0
2,System Administrator,system,1,1,100119,Initialize School,sidebar,,school_initialization,school_initialization,home.php?route=school_initialization,school_initialization.php,,school_initialization.js,1,0
2,System Administrator,system,1,1,100043,Downloads,sidebar,Website,manage_website,manage_website,home.php?route=manage_website,manage_website.php,,manage_website.js,37,0
2,System Administrator,system,1,1,100120,Staff Schedule,sidebar,,staff_schedule,staff_schedule,home.php?route=staff_schedule,staff_schedule.php,,staff_schedule.js,4,0
2,System Administrator,system,1,1,100044,Job Vacancies,sidebar,Website,manage_website,manage_website,home.php?route=manage_website,manage_website.php,,manage_website.js,37,0
2,System Administrator,system,1,1,100121,Student Timeline,sidebar,,student_timeline,student_timeline,home.php?route=student_timeline,student_timeline.php,,student_timeline.js,3,0
2,System Administrator,system,1,1,100045,Applications,sidebar,Website,manage_website,manage_website,home.php?route=manage_website,manage_website.php,,manage_website.js,37,0
2,System Administrator,system,1,1,100122,Term Transition,sidebar,,term_transition,term_transition,home.php?route=term_transition,term_transition.php,,term_transition.js,6,0
2,System Administrator,system,1,1,100046,Site Settings,sidebar,Website,manage_website,manage_website,home.php?route=manage_website,manage_website.php,,manage_website.js,37,0
2,System Administrator,system,1,1,100123,Year Rollover,sidebar,,year_rollover,year_rollover,home.php?route=year_rollover,year_rollover.php,,year_rollover.js,2,0
2,System Administrator,system,1,1,100047,Page Content,sidebar,Website,manage_website,manage_website,home.php?route=manage_website,manage_website.php,,manage_website.js,37,0
3,Director,school,0,1,100039,Website,sidebar,,manage_website,manage_website,home.php?route=manage_website,manage_website.php,,manage_website.js,37,0
3,Director,school,0,1,100040,News & Blog,sidebar,Website,manage_website,manage_website,home.php?route=manage_website,manage_website.php,,manage_website.js,37,0
3,Director,school,0,1,100041,School Events,sidebar,Website,manage_website,manage_website,home.php?route=manage_website,manage_website.php,,manage_website.js,37,0
3,Director,school,0,1,100042,Gallery,sidebar,Website,manage_website,manage_website,home.php?route=manage_website,manage_website.php,,manage_website.js,37,0
3,Director,school,0,1,100043,Downloads,sidebar,Website,manage_website,manage_website,home.php?route=manage_website,manage_website.php,,manage_website.js,37,0
3,Director,school,0,1,100044,Job Vacancies,sidebar,Website,manage_website,manage_website,home.php?route=manage_website,manage_website.php,,manage_website.js,37,0
3,Director,school,0,1,100045,Applications,sidebar,Website,manage_website,manage_website,home.php?route=manage_website,manage_website.php,,manage_website.js,37,0
3,Director,school,0,1,100046,Site Settings,sidebar,Website,manage_website,manage_website,home.php?route=manage_website,manage_website.php,,manage_website.js,37,0
3,Director,school,0,1,100047,Page Content,sidebar,Website,manage_website,manage_website,home.php?route=manage_website,manage_website.php,,manage_website.js,37,0
4,School Administrator,school,0,1,100039,Website,sidebar,,manage_website,manage_website,home.php?route=manage_website,manage_website.php,,manage_website.js,37,0
4,School Administrator,school,0,1,100040,News & Blog,sidebar,Website,manage_website,manage_website,home.php?route=manage_website,manage_website.php,,manage_website.js,37,0
4,School Administrator,school,0,1,100041,School Events,sidebar,Website,manage_website,manage_website,home.php?route=manage_website,manage_website.php,,manage_website.js,37,0
4,School Administrator,school,0,1,100042,Gallery,sidebar,Website,manage_website,manage_website,home.php?route=manage_website,manage_website.php,,manage_website.js,37,0
4,School Administrator,school,0,1,100043,Downloads,sidebar,Website,manage_website,manage_website,home.php?route=manage_website,manage_website.php,,manage_website.js,37,0
4,School Administrator,school,0,1,100044,Job Vacancies,sidebar,Website,manage_website,manage_website,home.php?route=manage_website,manage_website.php,,manage_website.js,37,0
4,School Administrator,school,0,1,100045,Applications,sidebar,Website,manage_website,manage_website,home.php?route=manage_website,manage_website.php,,manage_website.js,37,0
4,School Administrator,school,0,1,100046,Site Settings,sidebar,Website,manage_website,manage_website,home.php?route=manage_website,manage_website.php,,manage_website.js,37,0
4,School Administrator,school,0,1,100047,Page Content,sidebar,Website,manage_website,manage_website,home.php?route=manage_website,manage_website.php,,manage_website.js,37,0
5,Headteacher,school,0,1,100048,Website,sidebar,,manage_website,manage_website,home.php?route=manage_website,manage_website.php,,manage_website.js,37,0
5,Headteacher,school,0,1,100049,News & Blog,sidebar,Website,manage_website,manage_website,home.php?route=manage_website,manage_website.php,,manage_website.js,37,0
5,Headteacher,school,0,1,100050,School Events,sidebar,Website,manage_website,manage_website,home.php?route=manage_website,manage_website.php,,manage_website.js,37,0
5,Headteacher,school,0,1,100051,Page Content,sidebar,Website,manage_website,manage_website,home.php?route=manage_website,manage_website.php,,manage_website.js,37,0
5,Headteacher,school,0,1,100052,Applications,sidebar,Website,manage_website,manage_website,home.php?route=manage_website,manage_website.php,,manage_website.js,37,0
5,Headteacher,school,0,1,100053,Job Vacancies,sidebar,Website,manage_website,manage_website,home.php?route=manage_website,manage_website.php,,manage_website.js,37,0
5,Headteacher,school,0,1,100054,Gallery,sidebar,Website,manage_website,manage_website,home.php?route=manage_website,manage_website.php,,manage_website.js,37,0
5,Headteacher,school,0,1,100055,Downloads,sidebar,Website,manage_website,manage_website,home.php?route=manage_website,manage_website.php,,manage_website.js,37,0
6,Deputy Head - Academic,school,0,1,100056,Website,sidebar,,manage_website,manage_website,home.php?route=manage_website,manage_website.php,,manage_website.js,37,0
6,Deputy Head - Academic,school,0,1,100057,News & Blog,sidebar,Website,manage_website,manage_website,home.php?route=manage_website,manage_website.php,,manage_website.js,37,0
6,Deputy Head - Academic,school,0,1,100058,School Events,sidebar,Website,manage_website,manage_website,home.php?route=manage_website,manage_website.php,,manage_website.js,37,0
21,Talent Development,school,0,1,100062,Website,sidebar,,manage_website,manage_website,home.php?route=manage_website,manage_website.php,,manage_website.js,37,0
21,Talent Development,school,0,1,100063,Post News,sidebar,Website,manage_website,manage_website,home.php?route=manage_website,manage_website.php,,manage_website.js,37,0
21,Talent Development,school,0,1,100064,School Events,sidebar,Website,manage_website,manage_website,home.php?route=manage_website,manage_website.php,,manage_website.js,37,0
21,Talent Development,school,0,1,100065,Gallery,sidebar,Website,manage_website,manage_website,home.php?route=manage_website,manage_website.php,,manage_website.js,37,0
63,Deputy Head - Discipline,school,0,1,100059,Website,sidebar,,manage_website,manage_website,home.php?route=manage_website,manage_website.php,,manage_website.js,37,0
63,Deputy Head - Discipline,school,0,1,100060,News & Blog,sidebar,Website,manage_website,manage_website,home.php?route=manage_website,manage_website.php,,manage_website.js,37,0
63,Deputy Head - Discipline,school,0,1,100061,School Events,sidebar,Website,manage_website,manage_website,home.php?route=manage_website,manage_website.php,,manage_website.js,37,0
